/*
Navicat MySQL Data Transfer

Source Server         : 2
Source Server Version : 50173
Source Host           : 39.106.36.145:3306
Source Database       : gen

Target Server Type    : MYSQL
Target Server Version : 50173
File Encoding         : 65001

Date: 2018-03-23 11:31:10
*/

SET FOREIGN_KEY_CHECKS=0;

-- ----------------------------
-- Table structure for app
-- ----------------------------
DROP TABLE IF EXISTS `app`;
CREATE TABLE `app` (
  `id` int(11) NOT NULL AUTO_INCREMENT,
  `name` varchar(255) DEFAULT '',
  `label` varchar(255) DEFAULT NULL,
  `desc` text,
  `inter_app_id` int(11) DEFAULT NULL,
  `base_url` varchar(255) DEFAULT '',
  `scaffold_id` int(11) DEFAULT NULL,
  `layout_id` int(11) DEFAULT NULL,
  `user_id` int(11) DEFAULT NULL,
  `created_at` datetime NOT NULL,
  `updated_at` datetime NOT NULL,
  PRIMARY KEY (`id`)
) ENGINE=MyISAM AUTO_INCREMENT=42 DEFAULT CHARSET=utf8;

-- ----------------------------
-- Records of app
-- ----------------------------
INSERT INTO `app` VALUES ('1', 'sdmo', 'SDemo', 'SDemo ', '1', 'http://www.sdemo.cn', '1', '1', '1', '2018-03-01 23:14:15', '2018-03-01 23:14:15');

-- ----------------------------
-- Table structure for component
-- ----------------------------
DROP TABLE IF EXISTS `component`;
CREATE TABLE `component` (
  `id` int(11) NOT NULL AUTO_INCREMENT,
  `pid` int(11) DEFAULT NULL,
  `dependent` int(11) DEFAULT NULL,
  `template_id` int(11) DEFAULT NULL,
  `name` varchar(255) DEFAULT NULL,
  `label` varchar(255) DEFAULT NULL,
  `desc` varchar(255) DEFAULT NULL,
  `template` text,
  `user_id` int(11) DEFAULT NULL,
  `created_at` datetime NOT NULL,
  `updated_at` datetime NOT NULL,
  PRIMARY KEY (`id`)
) ENGINE=MyISAM AUTO_INCREMENT=14 DEFAULT CHARSET=utf8;

-- ----------------------------
-- Records of component
-- ----------------------------
INSERT INTO `component` VALUES ('3', '9', null, '1', 'input', '文本框', '文本框', '<FormItem {...formItemLayout} label=\"<$ data.label $>：\" \n  <% if extraFieldMap.size.default_value %>\n 		 size={<$ extraFieldMap.size.default_value $>} \n  <% endif %>\n	<% if extraFieldMap.disabled.default_value %>\n 		 disabled={<$ extraFieldMap.disabled.default_value $>} \n  <% endif %>\n>\n  {getFieldDecorator(\'<$ data.name $>\', {\n    initialValue: \'<$ data.name $>\',\n    <% for item in data.rules %>\n    rules: [{\n      required: true, message: \'请输入<$ item.errMsg $>\',\n    }],\n    <% endfor %>\n  })(\n    <Input size=\"<$data.extraFieldData.size $>\"  disabled=\"<$data.extraFieldData.disabled $>\" placeholder=\"请输入<$ data.label $>\" />\n  )}\n</FormItem>', '1', '2018-03-02 01:19:20', '2018-03-10 23:15:15');
INSERT INTO `component` VALUES ('4', '9', null, '1', 'textarea', '多行', '多行', '<FormItem {...formItemLayout} label=\"<$ data.label $>：\"\n          \n	<% if extraFieldMap.autosize.default_value %>\n 		 autosize={<$ extraFieldMap.autosize.default_value $>} \n  <% endif %>\n  <% if extraFieldMap.defaultValue.default_value %>\n 		 defaultValue={<$ extraFieldMap.defaultValue.default_value $>} \n  <% endif %>\n>\n  {getFieldDecorator(\'<$ data.name $>\', {\n    initialValue: \'<$ data.name $>\',\n    <% for item in data.rules %>\n    rules: [{\n      required: true, message: \'请输入<$ item.errMsg $>\',\n    }],\n    <% endfor %>\n  })(\n    <TextArea size=\"<$data.extraFieldData.size $>\"  disabled=\"<$data.extraFieldData.disabled $>\" placeholder=\"请输入<$ data.label $>\" />\n  )}\n</FormItem>', '1', '2018-03-02 01:19:20', '2018-03-08 02:11:02');
INSERT INTO `component` VALUES ('5', '9', null, '1', 'select', '下拉框', '下拉框', '<FormItem {...formItemLayout} label=\"<$ data.label $>：\"\n  <% if extraFieldMap.allowClear.default_value %>\n     allowClear={<$ extraFieldMap.allowClear.default_value $>}\n  <% endif %>\n  <% if extraFieldMap.disabled.default_value %>\n     disabled={<$ extraFieldMap.disabled.default_value $>}\n  <% endif %>\n>\n  <Select defaultValue=\"lucy\">\n    <Option value=\"jack\">Jack</Option>\n  </Select>\n</FormItem>', '1', '2018-03-02 01:19:20', '2018-03-10 23:11:53');
INSERT INTO `component` VALUES ('13', '0', null, null, null, null, null, null, '1', '2018-03-14 20:32:49', '2018-03-14 20:32:49');
INSERT INTO `component` VALUES ('6', '9', null, '1', 'checkbox', '复选框', '复选框', '<FormItem {...formItemLayout} label=\"<$ data.label $>：\" \n	<% if extraFieldMap.autoFocus.default_value %>\n 		 autoFocus={<$ extraFieldMap.autoFocus.default_value $>} \n  <% endif %>  \n>\n  {getFieldDecorator(\'<$ data.name $>\', {\n    initialValue: \'<$ data.name $>\',\n    <% for item in data.rules %>\n    rules: [{\n      required: true, message: \'请输入<$ item.errMsg $>\',\n    }],\n    <% endfor %>\n  })(\n  <Checkbox >复选框</Checkbox>\n  )}\n</FormItem>', '1', '2018-03-02 01:19:20', '2018-03-08 01:45:45');
INSERT INTO `component` VALUES ('10', '0', null, null, 'table', '表格', '展示行列数据。', '<Table \n	dataSource={dataSource} columns={columns}\n	bordered=\"<$ extraFieldData.bordered.default_value $>\"\n  bordered=\"<$ extraFieldData.loading.default_value $>\"\n  pagination=\"<$ extraFieldData.pagination.default_value $>\"\n/>', '1', '2018-03-07 23:40:39', '2018-03-08 01:31:54');
INSERT INTO `component` VALUES ('11', '10', null, null, 'column', 'Column', 'Column', '<Column\n  title=\"<$ data.label $>\"\n  dataIndex=\"<$  data.name $>\"\n  key=\"<$  data.name $>\"\n  fixed=\"<$ data.name $>\"\n\n/>', '1', '2018-03-07 23:51:12', '2018-03-16 00:04:44');
INSERT INTO `component` VALUES ('12', '10', null, null, 'action_column', '操作Column', '操作Column', '<Column\n  title=\"First Name\"\n  dataIndex=\"<$ extraFieldData.dataIndex.default_value $>\"\n  key=\"<$ extraFieldData.dataIndex.default_value $>\"\n  render={<$ extraFieldData.render.default_value $>}\n/>', '1', '2018-03-07 23:57:21', '2018-03-15 23:19:13');
INSERT INTO `component` VALUES ('9', '0', null, null, 'form', '表单组件', '具有数据收集、校验和提交功能的表单，包含复选框、单选框、输入框、下拉选择框等元素。', '<Form onSubmit={this.handleSubmit} className=\"login-form\">\n  <FormItem>\n    {getFieldDecorator(\'userName\', {\n      rules: [{ required: true, message: \'Please input your username!\' }],\n    })(\n      <Input prefix={<Icon type=\"user\" style={{ color: \'rgba(0,0,0,.25)\' }} />} placeholder=\"Username\" />\n    )}\n  </FormItem>\n  \n  <FormItem>\n    {getFieldDecorator(\'remember\', {\n      valuePropName: \'checked\',\n      initialValue: true,\n    })(\n      <Checkbox>Remember me</Checkbox>\n    )}\n    <a className=\"login-form-forgot\" href=\"\">Forgot password</a>\n    <Button type=\"primary\" htmlType=\"submit\" className=\"login-form-button\">\n      Log in\n    </Button>\n    Or <a href=\"\">register now!</a>\n  </FormItem>\n</Form>', '1', '2018-03-07 23:12:17', '2018-03-07 23:12:17');

-- ----------------------------
-- Table structure for component_extra_field
-- ----------------------------
DROP TABLE IF EXISTS `component_extra_field`;
CREATE TABLE `component_extra_field` (
  `id` int(11) NOT NULL AUTO_INCREMENT,
  `component_id` int(11) NOT NULL,
  `name` varchar(255) DEFAULT NULL,
  `label` varchar(255) DEFAULT NULL,
  `desc` varchar(255) DEFAULT NULL,
  `type` varchar(255) DEFAULT NULL,
  `options` varchar(255) DEFAULT NULL,
  `default_value` varchar(255) DEFAULT NULL,
  `sort` varchar(255) DEFAULT NULL,
  `created_at` datetime NOT NULL,
  `updated_at` datetime NOT NULL,
  PRIMARY KEY (`id`)
) ENGINE=InnoDB AUTO_INCREMENT=104 DEFAULT CHARSET=utf8;

-- ----------------------------
-- Records of component_extra_field
-- ----------------------------
INSERT INTO `component_extra_field` VALUES ('22', '9', 'layout', '表单布局', '表单有三种布局。', 'radio', '[\'horizontal\', \'vertical\', \'inline\']', 'horizontal', '0', '2018-03-07 23:12:18', '2018-03-07 23:12:18');
INSERT INTO `component_extra_field` VALUES ('23', '9', 'hideRequiredMark', '', '隐藏所有表单项的必选标记', 'radio', '[true, false]', 'false', '1', '2018-03-07 23:12:18', '2018-03-07 23:12:18');
INSERT INTO `component_extra_field` VALUES ('24', '9', 'onSubmit', '数据验证成功后回调事件', '数据验证成功后回调事件', 'textarea', null, '(e)=>{console.log(e)}', '2', '2018-03-07 23:12:18', '2018-03-07 23:12:18');
INSERT INTO `component_extra_field` VALUES ('62', '10', 'bordered', '是否展示外边框和列边框', '是否展示外边框和列边框', 'radio', '[true, false]', 'false', '0', '2018-03-08 01:31:54', '2018-03-08 01:31:54');
INSERT INTO `component_extra_field` VALUES ('63', '10', 'loading', '页面是否加载中', 'loading', '', '[true, false]', 'false', '1', '2018-03-08 01:31:54', '2018-03-08 01:31:54');
INSERT INTO `component_extra_field` VALUES ('64', '10', 'pagination', '分页器', '分页器，配置项参考 pagination，设为 false 时不展示和进行分页', 'textarea', '[]', 'false', '2', '2018-03-08 01:31:54', '2018-03-08 01:31:54');
INSERT INTO `component_extra_field` VALUES ('82', '6', 'autoFocus', '自动获取焦点', 'autoFocus', 'radio', '[]', 'false', '0', '2018-03-08 02:00:12', '2018-03-08 02:00:12');
INSERT INTO `component_extra_field` VALUES ('87', '4', 'autosize', '', '自适应内容高度，可设置为 true|false 或对象：{ minRows: 2, maxRows: 6 }', 'input', '[]', 'true', '0', '2018-03-08 02:11:02', '2018-03-08 02:11:02');
INSERT INTO `component_extra_field` VALUES ('88', '4', 'defaultValue', '默认值', '输入框默认内容', 'textarea', '[]', '', '1', '2018-03-08 02:11:02', '2018-03-08 02:11:02');
INSERT INTO `component_extra_field` VALUES ('94', '5', 'allowClear', '支持清除', '支持清除', 'radio', '[true, false]', 'false', '0', '2018-03-10 23:11:53', '2018-03-10 23:11:53');
INSERT INTO `component_extra_field` VALUES ('95', '5', 'disabled', '是否禁用', '是否禁用', 'radio', '[true, false]', 'false', '1', '2018-03-10 23:11:53', '2018-03-10 23:11:53');
INSERT INTO `component_extra_field` VALUES ('96', '3', 'size', '大小', '控件大小。注：标准表单内的输入框大小限制为 large。可选 large default small', 'radio', '[\'large\', \'default\', \'small\']', 'default', '0', '2018-03-10 23:15:15', '2018-03-10 23:15:15');
INSERT INTO `component_extra_field` VALUES ('97', '3', 'disabled', '是否禁用', '是否禁用状态，默认为 false', 'checkbox', '[\'true\', \'false\']', 'false', '1', '2018-03-10 23:15:15', '2018-03-10 23:15:15');
INSERT INTO `component_extra_field` VALUES ('98', '3', 'className', '类名', '', 'input', '[]', '', '2', '2018-03-10 23:15:15', '2018-03-10 23:15:15');
INSERT INTO `component_extra_field` VALUES ('99', '12', 'render', 'render', '', 'textarea', '[]', ' render: (text, record) => (\n    <span>\n      <a href=\"#\">Action 一 {record.name}</a>\n      <Divider type=\"vertical\" />\n      <a href=\"#\">Delete</a>\n      <Divider type=\"vertical\" />\n      <a href=\"#\" className=\"ant-dropdown-link\">\n        More actions <Ic', '0', '2018-03-15 23:19:13', '2018-03-15 23:19:13');
INSERT INTO `component_extra_field` VALUES ('100', '12', 'dataIndex', '列字段', '列数据在数据项中对应的 key，支持 a.b.c 的嵌套写法', 'input', '[]', '', '1', '2018-03-15 23:19:13', '2018-03-15 23:19:13');
INSERT INTO `component_extra_field` VALUES ('101', '11', 'dataIndex', 'dataIndex', 'dataIndex', 'input', '[]', '', '0', '2018-03-16 00:04:44', '2018-03-16 00:04:44');
INSERT INTO `component_extra_field` VALUES ('102', '11', 'fixed', '列是否固定', '列是否固定，可选 true(等效于 left) \'left\' \'right\'', 'radio', '[false, true, \'left\' \'right\']', 'false', '1', '2018-03-16 00:04:44', '2018-03-16 00:04:44');
INSERT INTO `component_extra_field` VALUES ('103', '11', 'render', 'render', '生成复杂数据的渲染函数，参数分别为当前行的值，当前行数据，行索引，@return里面可以设置表格行/列合并', 'textarea', '[]', 'text => <a href=\"#\">{text}</a>', '2', '2018-03-16 00:04:44', '2018-03-16 00:04:44');

-- ----------------------------
-- Table structure for extra_template
-- ----------------------------
DROP TABLE IF EXISTS `extra_template`;
CREATE TABLE `extra_template` (
  `id` int(11) NOT NULL,
  `module` varchar(255) DEFAULT NULL,
  `module_instance_id` int(11) DEFAULT NULL,
  `name` varchar(255) DEFAULT NULL,
  `label` varchar(255) DEFAULT NULL,
  `desc` text,
  `template` varchar(255) DEFAULT NULL,
  `sort` varchar(255) DEFAULT NULL,
  `created_at` datetime NOT NULL,
  `updated_at` datetime NOT NULL,
  PRIMARY KEY (`id`)
) ENGINE=InnoDB DEFAULT CHARSET=utf8;

-- ----------------------------
-- Records of extra_template
-- ----------------------------

-- ----------------------------
-- Table structure for field
-- ----------------------------
DROP TABLE IF EXISTS `field`;
CREATE TABLE `field` (
  `id` int(11) NOT NULL AUTO_INCREMENT,
  `name` varchar(255) DEFAULT NULL,
  `type` varchar(255) DEFAULT NULL,
  `label` varchar(255) DEFAULT NULL,
  `template` text,
  PRIMARY KEY (`id`)
) ENGINE=MyISAM AUTO_INCREMENT=7 DEFAULT CHARSET=utf8;

-- ----------------------------
-- Records of field
-- ----------------------------

-- ----------------------------
-- Table structure for icon
-- ----------------------------
DROP TABLE IF EXISTS `icon`;
CREATE TABLE `icon` (
  `id` int(11) NOT NULL AUTO_INCREMENT,
  `name` varchar(255) DEFAULT NULL,
  `label` varchar(255) DEFAULT NULL,
  PRIMARY KEY (`id`)
) ENGINE=MyISAM DEFAULT CHARSET=utf8;

-- ----------------------------
-- Records of icon
-- ----------------------------

-- ----------------------------
-- Table structure for inter
-- ----------------------------
DROP TABLE IF EXISTS `inter`;
CREATE TABLE `inter` (
  `id` int(11) NOT NULL AUTO_INCREMENT,
  `inter_app_id` int(11) DEFAULT NULL,
  `name` varchar(255) DEFAULT NULL,
  `label` varchar(255) DEFAULT NULL,
  `desc` varchar(255) DEFAULT NULL,
  `cate_id` int(11) DEFAULT NULL,
  `method` varchar(255) DEFAULT NULL,
  `url` varchar(255) DEFAULT NULL,
  `req_data` text,
  `res_data` text,
  `user_id` int(11) DEFAULT NULL,
  `created_at` datetime NOT NULL,
  `updated_at` datetime NOT NULL,
  PRIMARY KEY (`id`)
) ENGINE=InnoDB AUTO_INCREMENT=9 DEFAULT CHARSET=utf8;

-- ----------------------------
-- Records of inter
-- ----------------------------
INSERT INTO `inter` VALUES ('1', null, null, '帖子信息', null, '2', 'GET', '/post/edit', '{\n        \"id\": \"2\", \n        \"title\": \"基于 Hexo + GitHub Pages 搭建个人博客\",\n        \"content\": \"基于 Hexo + GitHub Pages 搭建个人博客\",\n        \"sender\": \"20180323\",\n    }', '{\n    \"code\": 200, \n    \"message\": \"请求完成\", \n    \"data\": {\n        \"id\": \"2\", \n        \"title\": \"基于 Hexo + GitHub Pages 搭建个人博客\",\n        \"content\":\" 基于 Hexo + GitHub Pages 搭建个人博客\",\n        \"sender\": \"20180323\",\n    }\n}', '1', '2018-03-04 03:27:35', '2018-03-23 00:32:15');
INSERT INTO `inter` VALUES ('5', null, null, '帖子列表', null, '2', 'GET', '/post/list', '{\n  \"id\": \"2\", \n  \"title\": \"基于 Hexo + GitHub Pages 搭建个人博客\",\n  \"content\": \"基于 Hexo + GitHub Pages 搭建个人博客\",\n  \"sender\": \"20180323\", \n}', '{\n    \"code\": 200, \n    \"message\": \"请求完成\", \n    \"data\": {\n        \"id\": \"2\", \n        \"title\": \"基于 Hexo + GitHub Pages 搭建个人博客\",\n        \"content\": \"基于 Hexo + GitHub Pages 搭建个人博客\",\n        \"sender\": \"20180323\",\n    }\n}', '1', '2018-03-04 03:28:15', '2018-03-23 00:31:50');

-- ----------------------------
-- Table structure for inter_app
-- ----------------------------
DROP TABLE IF EXISTS `inter_app`;
CREATE TABLE `inter_app` (
  `id` int(11) NOT NULL AUTO_INCREMENT,
  `name` varchar(255) DEFAULT NULL,
  `label` varchar(255) DEFAULT NULL,
  `desc` varchar(255) DEFAULT NULL,
  `base_url` varchar(255) DEFAULT NULL,
  `user_id` int(11) DEFAULT NULL,
  `updated_at` datetime DEFAULT NULL,
  `created_at` datetime DEFAULT NULL,
  PRIMARY KEY (`id`)
) ENGINE=InnoDB AUTO_INCREMENT=2 DEFAULT CHARSET=utf8;

-- ----------------------------
-- Records of inter_app
-- ----------------------------
INSERT INTO `inter_app` VALUES ('1', 'SDemo', 'SDemo接口管理', null, 'http://www.sdemo.cn', '1', '2018-03-02 11:40:00', '2018-03-02 11:37:10');

-- ----------------------------
-- Table structure for inter_cate
-- ----------------------------
DROP TABLE IF EXISTS `inter_cate`;
CREATE TABLE `inter_cate` (
  `id` int(11) NOT NULL AUTO_INCREMENT,
  `name` int(11) DEFAULT NULL,
  `label` varchar(255) DEFAULT NULL,
  `desc` varchar(255) DEFAULT NULL,
  `updated_at` datetime DEFAULT NULL,
  `created_at` datetime DEFAULT NULL,
  PRIMARY KEY (`id`)
) ENGINE=InnoDB DEFAULT CHARSET=utf8;

-- ----------------------------
-- Records of inter_cate
-- ----------------------------

-- ----------------------------
-- Table structure for layout
-- ----------------------------
DROP TABLE IF EXISTS `layout`;
CREATE TABLE `layout` (
  `id` int(11) NOT NULL AUTO_INCREMENT,
  `scaffold_id` int(11) DEFAULT NULL,
  `name` varchar(255) DEFAULT NULL,
  `label` varchar(255) DEFAULT NULL,
  `desc` varchar(255) DEFAULT NULL,
  `template` varchar(255) DEFAULT NULL,
  `user_id` int(11) DEFAULT NULL,
  `created_at` datetime NOT NULL,
  `updated_at` datetime NOT NULL,
  PRIMARY KEY (`id`)
) ENGINE=InnoDB AUTO_INCREMENT=8 DEFAULT CHARSET=utf8;

-- ----------------------------
-- Records of layout
-- ----------------------------
INSERT INTO `layout` VALUES ('1', '1', null, '顶栏-侧栏-底栏-响应式布局', '顶栏-侧栏-底栏-响应式布局', '顶栏-侧栏-底栏-响应式布局', '1', '2018-03-02 00:56:53', '2018-03-01 23:14:15');

-- ----------------------------
-- Table structure for page
-- ----------------------------
DROP TABLE IF EXISTS `page`;
CREATE TABLE `page` (
  `id` int(11) NOT NULL AUTO_INCREMENT,
  `app_id` int(11) DEFAULT NULL,
  `pid` int(11) DEFAULT NULL,
  `name` varchar(255) DEFAULT NULL,
  `label` varchar(255) DEFAULT NULL,
  `desc` varchar(255) DEFAULT NULL,
  `path` varchar(255) DEFAULT NULL,
  `user_id` int(11) DEFAULT NULL,
  `created_at` datetime NOT NULL,
  `updated_at` datetime NOT NULL,
  PRIMARY KEY (`id`)
) ENGINE=InnoDB AUTO_INCREMENT=24 DEFAULT CHARSET=utf8;

-- ----------------------------
-- Records of page
-- ----------------------------
INSERT INTO `page` VALUES ('22', '1', null, null, '添加帖子', null, '/post/create', '1', '2018-03-20 23:26:58', '2018-03-23 11:15:53');
INSERT INTO `page` VALUES ('23', '1', null, null, '帖子列表', null, '/post/list', '1', '2018-03-22 22:02:03', '2018-03-23 10:50:46');

-- ----------------------------
-- Table structure for page_component
-- ----------------------------
DROP TABLE IF EXISTS `page_component`;
CREATE TABLE `page_component` (
  `id` int(11) NOT NULL AUTO_INCREMENT,
  `page_id` int(11) DEFAULT NULL,
  `template_id` int(11) DEFAULT NULL,
  `inter_id` int(11) DEFAULT NULL,
  `content` text,
  `sort` varchar(255) DEFAULT NULL,
  `created_at` datetime NOT NULL,
  `updated_at` datetime NOT NULL,
  PRIMARY KEY (`id`)
) ENGINE=InnoDB AUTO_INCREMENT=148 DEFAULT CHARSET=utf8;

-- ----------------------------
-- Records of page_component
-- ----------------------------
INSERT INTO `page_component` VALUES ('12', '13', '1', '1', '{\r\n	\"title\": \"用户编辑\",\r\n	\"desc\": \"用来编辑或创建用户\",\r\n	\"isValid\": true,\r\n	\"validTipPos\": \"1\",\r\n	\"inter_id\": 1,\r\n	\"extra_field\": [],\r\n	\"fields\": [{\r\n		\"name\": \"password\",\r\n		\"label\": \"用户名\",\r\n		\"placeholder\": \"请输入密码\",\r\n		\"type\": \"input\",\r\n		\"defaultValue\": \"\",\r\n		\"rules\": [{\r\n			\"name\": \"email\",\r\n			\"rule\": \"/^([\\\\w-\\\\.]+)@((\\\\[[0-9]{1,3}\\\\.[0-9]{1,3}\\\\.[0-9]{1,3}\\\\.)|(([\\\\w-]+\\\\.)+))([a-zA-Z]{2,4}|[0-9]{1,3})(\\\\]?)$/\",\r\n			\"success_msg\": \"你好啊 \",\r\n			\"error_msg\": \"请输入合法邮箱\",\r\n			\"key\": \"2c25e259-74c9-4fd7-8ea9-2be7a165ab92\"\r\n		}, {\r\n			\"name\": \"custom\",\r\n			\"rule\": null,\r\n			\"success_msg\": \"正确\",\r\n			\"error_msg\": null,\r\n			\"key\": \"6990d776-07d2-4cd0-be10-a6b2752d47c3\"\r\n		}],\r\n		\"key\": \"7c6202e7-135f-4f8a-a52b-de0740c7c7d8\",\r\n		\"default_value\": \"123456\"\r\n	}, {\r\n		\"name\": \"userName\",\r\n		\"label\": \"用户名\",\r\n		\"placeholder\": \"\",\r\n		\"type\": \"input\",\r\n		\"defaultValue\": \"\",\r\n		\"rules\": [{\r\n			\"name\": \"required\",\r\n			\"rule\": \"/.+/\",\r\n			\"success_msg\": \"验证通过\",\r\n			\"error_msg\": \"请选择性别\"\r\n		}],\r\n		\"key\": \"2d58a248-7856-48c9-8b6d-802735530043\"\r\n	}, {\r\n		\"name\": \"addr\",\r\n		\"label\": \"地址\",\r\n		\"type\": \"input\",\r\n		\"placeholder\": \"河北省\",\r\n		\"default_value\": \"河北省\",\r\n		\"rules\": [],\r\n		\"key\": \"74091b38-a231-4409-aa23-e38fe4352cb3\"\r\n	}],\r\n	\"confirm\": {\r\n		\"text\": \"保存\",\r\n		\"before\": \"\\n              function(){\\n                alert(\'执行逻辑之前处理下\')\\n              }\\n          \",\r\n		\"cb\": \"\\n            function(){\\n              alert(\'执行逻辑比如保存数据\')\\n            }\\n          \",\r\n		\"after\": \"\\n            function(){\\n              alert(\'执行逻辑之后处理下\')\\n            }\\n          \"\r\n	},\r\n	\"cancel\": {\r\n		\"text\": \"取消\",\r\n		\"before\": \"\\n            alert(\'执行逻辑之前处理下\')\\n          \",\r\n		\"cb\": \"\\n            function(){\\n              alert(\'确认取消并返回\')\\n            }\\n          \",\r\n		\"after\": \"\\n            alert(\'执行逻辑之后处理下\')\\n          \"\r\n	},\r\n	\"customBtns\": [{\r\n		\"key\": \"reset\",\r\n		\"text\": \"重置\",\r\n		\"before\": \"\\n              alert(\'执行逻辑之前处理下\')\\n            \",\r\n		\"cb\": \"\\n              alert(\'执行逻辑比如保存数据\')\\n            \",\r\n		\"after\": \"\\n              alert(\'执行逻辑之后处理下\')\\n            \"\r\n	}]\r\n}', '0', '2018-03-03 18:55:40', '2018-03-03 18:55:40');
INSERT INTO `page_component` VALUES ('13', '14', '1', null, '{\"id\":13,\"scaffold_id\":1,\"name\":\"form\",\"label\":\"表单有扩张字段\",\"desc\":\"\",\"cate_id\":1,\"template\":\"import React, { PureComponent } from \'react\';\\nimport { connect } from \'dva\';\\nimport { routerRedux } from \'dva/router\';\\nimport {\\n  message,\\n  Form, Input, DatePicker, Select, Button, Card, InputNumber, Radio, Icon, Tooltip,\\n} from \'antd\';\\nimport PageHeaderLayout from \'../../layouts/PageHeaderLayout\';\\nimport styles from \'./preview.less\';\\n\\nconst FormItem = Form.Item;\\nconst { Option } = Select;\\nconst { RangePicker } = DatePicker;\\nconst { TextArea } = Input;\\n\\n@connect(({ valid, loading }) => ({\\n  valid: valid,\\n  submitting: loading.effects[\'valid/add\'],\\n}))\\n@Form.create()\\nexport default class BasicForms extends PureComponent {\\n  componentDidMount(){\\n    let id = 123;\\n    if(id != 0){\\n      this.props.dispatch({\\n        type: \'valid/info\',\\n        payload: {\\n          id: id,\\n        },\\n      });\\n    }\\n  }\\n  handleSubmit = (e) => {\\n    e.preventDefault();\\n    this.props.form.validateFieldsAndScroll((err, values) => {\\n      if (!err) {\\n        this.props.dispatch({\\n          type: \'valid/add\',\\n          payload: values,\\n          callback: () => {\\n            message.success(\'保存成功\');\\n\\n            this.props.dispatch(routerRedux.push(\'/valid/list\'));\\n          }\\n        });\\n      }\\n    });\\n  }\\n\\n  <% for btn in pageData.customBtns %>\\n    <$ btn.key + \'BeforeHandle\' $> = (e) => {\\n      <$ btn.before $>\\n    }\\n    <$ btn.key + \'Handle\' $> = (e) => {\\n      if(!this.<$ btn.key + \'BeforeHandle()\' $>) return ;\\n\\n      <$ btn.cb $>\\n\\n      this.<$ btn.key + \'AfterHandle();\' $>\\n    }\\n    <$ btn.key + \'AfterHandle\' $> = (e) => {\\n      <$ btn.after $>\\n    }\\n  <% endfor %>\\n\\n  render() {\\n    const { valid: {info}, submitting } = this.props;\\n    const { getFieldDecorator, getFieldValue } = this.props.form;\\n\\n    const formItemLayout = {\\n      labelCol: {\\n        xs: { span: 24 },\\n        sm: { span: 7 },\\n      },\\n      wrapperCol: {\\n        xs: { span: 24 },\\n        sm: { span: 12 },\\n        md: { span: 10 },\\n      },\\n    };\\n\\n    const submitFormLayout = {\\n      wrapperCol: {\\n        xs: { span: 24, offset: 0 },\\n        sm: { span: 10, offset: 7 },\\n      },\\n    };\\n\\n    return (\\n<PageHeaderLayout title=\\\"<$ pageData.title $>\\\" content=\\\"<$ pageData.desc $>\\\">\\n  <Card bordered={false}>\\n    <Form\\n      onSubmit={this.handleSubmit}\\n      hideRequiredMark\\n      style={{ marginTop: 8 }}\\n    >\\n      <$ getTemplate(pageData, componentData.components) $>\\n\\n      <FormItem {...submitFormLayout} style={{ marginTop: 32 }}>\\n        <% if pageData.confirm %>\\n        <Button type=\\\"primary\\\" htmlType=\\\"submit\\\" loading={submitting}>\\n          <$ pageData.confirm.text $>\\n        </Button>\\n        <% endif %>\\n        <% if pageData.cancel %>\\n        <Button type=\\\"primary\\\" htmlType=\\\"submit\\\" loading={submitting}>\\n          <$ pageData.cancel.text $>\\n        </Button>\\n        <% endif %>\\n        <% for btn in pageData.customBtns %>\\n          <Button type=\\\"reset\\\" onClick={<$ \'this.\' + btn.key + \'Handle\' $>} htmlType=\\\"submit\\\" loading={submitting}>\\n            <$ btn.text $>\\n          </Button>\\n        <% endfor %>\\n      </FormItem>\\n    </Form>\\n  </Card>\\n</PageHeaderLayout>\\n    );\\n  }\\n}\\n\",\"js_template\":null,\"css_template\":null,\"ext_templates\":null,\"user_id\":1,\"created_at\":\"2018-03-04 13:34:54\",\"updated_at\":\"2018-03-04 17:17:14\",\"extra_field\":[{\"id\":10,\"template_id\":13,\"name\":\"tt\",\"label\":\"tt\",\"desc\":\"t\",\"type\":\"1\",\"options\":\"[]\",\"default_value\":\"tthhhhfffj75565\",\"sort\":\"0\",\"created_at\":\"2018-03-04 17:17:14\",\"updated_at\":\"2018-03-04 17:17:14\"},{\"id\":11,\"template_id\":13,\"name\":\"qq\",\"label\":\"qq\",\"desc\":\"qq\",\"type\":\"1\",\"options\":\"[]\",\"default_value\":\"qqhhhhffaa7333\",\"sort\":\"1\",\"created_at\":\"2018-03-04 17:17:14\",\"updated_at\":\"2018-03-04 17:17:14\"}],\"isValid\":true,\"validTipPos\":\"\",\"inter_id\":\"\",\"fields\":[{\"name\":\"name\",\"value\":\"\",\"label\":\"\",\"placeholder\":\" \",\"type\":\"\",\"default_value\":\"@name\",\"rules\":[],\"key\":\"1b0ea957-e47f-4a2b-a2e1-8a577fdc9a93\"},{\"name\":\"email\",\"value\":\"\",\"label\":\"\",\"placeholder\":\"\",\"type\":\"\",\"default_value\":\"@email\",\"rules\":[],\"key\":\"7eb2c8e9-401b-4ba0-83d9-427811d56c85\"},{\"name\":\"time\",\"value\":\"\",\"label\":\"\",\"placeholder\":\"\",\"type\":\"\",\"default_value\":\"@datetime\",\"rules\":[],\"key\":\"21f833ca-94c8-4f0a-9725-11df4572ab08\"},{\"name\":\"sex\",\"value\":\"\",\"label\":\"\",\"placeholder\":\"\",\"type\":\"\",\"default_value\":\"@datetime\",\"rules\":[],\"key\":\"e2e6a991-6241-494d-b1d4-c4ce09a97ab4\"},{\"name\":\"age\",\"value\":\"\",\"label\":\"\",\"placeholder\":\"\",\"type\":\"\",\"default_value\":\"@datetime\",\"rules\":[],\"key\":\"85e4e472-e07c-4dab-983b-eb2a70289bf3\"}],\"tt\":\"tto\",\"qq\":\"qqi\"}', '0', '2018-03-04 21:29:46', '2018-03-04 21:29:46');
INSERT INTO `page_component` VALUES ('14', '19', null, '0', '{\"id\":3,\"pid\":9,\"template_id\":1,\"name\":\"input\",\"label\":\"文本框\",\"desc\":\"文本框\",\"template\":\"<FormItem {...formItemLayout} label=\\\"<$ data.label $>：\\\" size={extraFieldMap.size.default_value} disabled={extraFieldMap.disabled.default_value}>\\n  {getFieldDecorator(\'<$ data.name $>\', {\\n    initialValue: \'<$ data.name $>\',\\n    <% for item in data.rules %>\\n    rules: [{\\n      required: true, message: \'请输入<$ item.errMsg $>\',\\n    }],\\n    <% endfor %>\\n  })(\\n    <Input size=\\\"<$data.extraFieldData.size $>\\\"  disabled=\\\"<$data.extraFieldData.disabled $>\\\" placeholder=\\\"请输入<$ data.label $>\\\" />\\n  )}\\n</FormItem>\",\"user_id\":1,\"created_at\":\"2018-03-02 01:19:20\",\"updated_at\":\"2018-03-08 00:06:27\",\"extra_field\":[{\"id\":46,\"component_id\":3,\"name\":\"size\",\"label\":\"大小\",\"desc\":\"控件大小。注：标准表单内的输入框大小限制为 large。可选 large default small\",\"type\":\"radio\",\"options\":\"[\'large\', \'default\', \'small\']\",\"sort\":\"0\",\"created_at\":\"2018-03-08 00:06:28\",\"updated_at\":\"2018-03-08 00:06:28\",\"key\":\"a4c0ed2a-5335-4565-b572-57ef969d8a0e\"},{\"id\":47,\"component_id\":3,\"name\":\"disabled\",\"label\":\"是否禁用\",\"desc\":\"是否禁用状态，默认为 false\",\"type\":\"checkbox\",\"options\":\"[\'true\', \'false\']\",\"sort\":\"1\",\"created_at\":\"2018-03-08 00:06:28\",\"updated_at\":\"2018-03-08 00:06:28\",\"key\":\"4702cd2f-592d-4c8b-92a9-058d52f0ab44\"}]}', '0', '2018-03-08 01:05:37', '2018-03-08 01:05:37');
INSERT INTO `page_component` VALUES ('15', '19', null, '0', '{\"id\":3,\"pid\":9,\"template_id\":1,\"name\":\"input\",\"label\":\"文本框\",\"desc\":\"文本框\",\"template\":\"<FormItem {...formItemLayout} label=\\\"<$ data.label $>：\\\" size={extraFieldMap.size.default_value} disabled={extraFieldMap.disabled.default_value}>\\n  {getFieldDecorator(\'<$ data.name $>\', {\\n    initialValue: \'<$ data.name $>\',\\n    <% for item in data.rules %>\\n    rules: [{\\n      required: true, message: \'请输入<$ item.errMsg $>\',\\n    }],\\n    <% endfor %>\\n  })(\\n    <Input size=\\\"<$data.extraFieldData.size $>\\\"  disabled=\\\"<$data.extraFieldData.disabled $>\\\" placeholder=\\\"请输入<$ data.label $>\\\" />\\n  )}\\n</FormItem>\",\"user_id\":1,\"created_at\":\"2018-03-02 01:19:20\",\"updated_at\":\"2018-03-08 00:06:27\",\"extra_field\":[{\"id\":46,\"component_id\":3,\"name\":\"size\",\"label\":\"大小\",\"desc\":\"控件大小。注：标准表单内的输入框大小限制为 large。可选 large default small\",\"type\":\"radio\",\"options\":\"[\'large\', \'default\', \'small\']\",\"sort\":\"0\",\"created_at\":\"2018-03-08 00:06:28\",\"updated_at\":\"2018-03-08 00:06:28\",\"key\":\"a4c0ed2a-5335-4565-b572-57ef969d8a0e\"},{\"id\":47,\"component_id\":3,\"name\":\"disabled\",\"label\":\"是否禁用\",\"desc\":\"是否禁用状态，默认为 false\",\"type\":\"checkbox\",\"options\":\"[\'true\', \'false\']\",\"sort\":\"1\",\"created_at\":\"2018-03-08 00:06:28\",\"updated_at\":\"2018-03-08 00:06:28\",\"key\":\"4702cd2f-592d-4c8b-92a9-058d52f0ab44\"}]}', '1', '2018-03-08 01:05:37', '2018-03-08 01:05:37');
INSERT INTO `page_component` VALUES ('16', '19', null, '0', '{\"id\":6,\"pid\":9,\"template_id\":1,\"name\":\"checkbox\",\"label\":\"复选框\",\"desc\":\"复选框\",\"template\":\"<FormItem {...formItemLayout} label=\\\"<$ data.label $>：\\\" size={extraFieldMap.autoFocus.default_value}>\\n  {getFieldDecorator(\'<$ data.name $>\', {\\n    initialValue: \'<$ data.name $>\',\\n    <% for item in data.rules %>\\n    rules: [{\\n      required: true, message: \'请输入<$ item.errMsg $>\',\\n    }],\\n    <% endfor %>\\n  })(\\n  <Checkbox >复选框</Checkbox>\\n  )}\\n</FormItem>\",\"user_id\":1,\"created_at\":\"2018-03-02 01:19:20\",\"updated_at\":\"2018-03-08 00:09:57\",\"extra_field\":[{\"id\":54,\"component_id\":6,\"name\":\"autoFocus\",\"label\":\"自动获取焦点\",\"desc\":\"autoFocus\",\"type\":\"radio\",\"options\":\"[]\",\"default_value\":\"false\",\"sort\":\"0\",\"created_at\":\"2018-03-08 00:09:57\",\"updated_at\":\"2018-03-08 00:09:57\",\"key\":\"5819241a-643b-48b2-ae93-c3a1a1646e0e\"}]}', '2', '2018-03-08 01:05:37', '2018-03-08 01:05:37');
INSERT INTO `page_component` VALUES ('17', '19', null, '0', '{\"id\":5,\"pid\":9,\"template_id\":1,\"name\":\"select\",\"label\":\"下拉框\",\"desc\":\"下拉框\",\"template\":\"<FormItem label=\\\"<$ data.label $>：\\\" size={extraFieldMap.allowClear.default_value}  size={extraFieldMap.disabled.default_value}>\\n    <Select defaultValue=\\\"lucy\\\" style={{ width: 120 }} >\\n      <Option value=\\\"jack\\\">Jack</Option>\\n      <Option value=\\\"lucy\\\">Lucy</Option>\\n      <Option value=\\\"disabled\\\" disabled>Disabled</Option>\\n      <Option value=\\\"Yiminghe\\\">yiminghe</Option>\\n    </Select>\\n</FormItem>\",\"user_id\":1,\"created_at\":\"2018-03-02 01:19:20\",\"updated_at\":\"2018-03-08 00:09:03\",\"extra_field\":[{\"id\":52,\"component_id\":5,\"name\":\"allowClear\",\"label\":\"支持清除\",\"desc\":\"支持清除\",\"type\":\"radio\",\"options\":\"[true, false]\",\"sort\":\"0\",\"created_at\":\"2018-03-08 00:09:03\",\"updated_at\":\"2018-03-08 00:09:03\",\"key\":\"442dfbc6-5789-4c80-b528-0418f7a466e5\"},{\"id\":53,\"component_id\":5,\"name\":\"disabled\",\"label\":\"是否禁用\",\"desc\":\"是否禁用\",\"type\":\"radio\",\"options\":\"[true, false]\",\"sort\":\"1\",\"created_at\":\"2018-03-08 00:09:03\",\"updated_at\":\"2018-03-08 00:09:03\",\"key\":\"52e83494-2396-46f1-a82d-1a16eef91451\"}]}', '3', '2018-03-08 01:05:37', '2018-03-08 01:05:37');
INSERT INTO `page_component` VALUES ('144', '20', null, '0', '{\"id\":4,\"pid\":9,\"template_id\":1,\"name\":\"textarea\",\"label\":\"多行\",\"desc\":\"多行\",\"template\":\"<FormItem {...formItemLayout} label=\\\"<$ data.label $>：\\\"\\n          \\n\\t<% if extraFieldMap.autosize.default_value %>\\n \\t\\t autosize={<$ extraFieldMap.autosize.default_value $>} \\n  <% endif %>\\n  <% if extraFieldMap.defaultValue.default_value %>\\n \\t\\t defaultValue={<$ extraFieldMap.defaultValue.default_value $>} \\n  <% endif %>\\n>\\n  {getFieldDecorator(\'<$ data.name $>\', {\\n    initialValue: \'<$ data.name $>\',\\n    <% for item in data.rules %>\\n    rules: [{\\n      required: true, message: \'请输入<$ item.errMsg $>\',\\n    }],\\n    <% endfor %>\\n  })(\\n    <TextArea size=\\\"<$data.extraFieldData.size $>\\\"  disabled=\\\"<$data.extraFieldData.disabled $>\\\" placeholder=\\\"请输入<$ data.label $>\\\" />\\n  )}\\n</FormItem>\",\"user_id\":1,\"created_at\":\"2018-03-02 01:19:20\",\"updated_at\":\"2018-03-08 02:11:02\",\"component\":{\"id\":9,\"pid\":0,\"template_id\":null,\"name\":\"form\",\"label\":\"表单组件\",\"desc\":\"具有数据收集、校验和提交功能的表单，包含复选框、单选框、输入框、下拉选择框等元素。\",\"template\":\"<Form onSubmit={this.handleSubmit} className=\\\"login-form\\\">\\n  <FormItem>\\n    {getFieldDecorator(\'userName\', {\\n      rules: [{ required: true, message: \'Please input your username!\' }],\\n    })(\\n      <Input prefix={<Icon type=\\\"user\\\" style={{ color: \'rgba(0,0,0,.25)\' }} />} placeholder=\\\"Username\\\" />\\n    )}\\n  </FormItem>\\n  \\n  <FormItem>\\n    {getFieldDecorator(\'remember\', {\\n      valuePropName: \'checked\',\\n      initialValue: true,\\n    })(\\n      <Checkbox>Remember me</Checkbox>\\n    )}\\n    <a className=\\\"login-form-forgot\\\" href=\\\"\\\">Forgot password</a>\\n    <Button type=\\\"primary\\\" htmlType=\\\"submit\\\" className=\\\"login-form-button\\\">\\n      Log in\\n    </Button>\\n    Or <a href=\\\"\\\">register now!</a>\\n  </FormItem>\\n</Form>\",\"user_id\":1,\"created_at\":\"2018-03-07 23:12:17\",\"updated_at\":\"2018-03-07 23:12:17\"},\"extra_field\":[{\"id\":87,\"component_id\":4,\"name\":\"autosize\",\"label\":\"\",\"desc\":\"自适应内容高度，可设置为 true|false 或对象：{ minRows: 2, maxRows: 6 }\",\"type\":\"input\",\"options\":\"[]\",\"default_value\":\"true\",\"sort\":\"0\",\"created_at\":\"2018-03-08 02:11:02\",\"updated_at\":\"2018-03-08 02:11:02\",\"key\":\"610bf176-0b69-4544-890c-05bd9d7e358d\"},{\"id\":88,\"component_id\":4,\"name\":\"defaultValue\",\"label\":\"默认值\",\"desc\":\"输入框默认内容\",\"type\":\"textarea\",\"options\":\"[]\",\"default_value\":\"\",\"sort\":\"1\",\"created_at\":\"2018-03-08 02:11:02\",\"updated_at\":\"2018-03-08 02:11:02\",\"key\":\"92b3f03d-4ea1-419a-84f7-c01209d990ab\"}]}', '0', '2018-03-12 01:18:24', '2018-03-12 01:18:24');
INSERT INTO `page_component` VALUES ('145', '20', null, '0', '{\"id\":5,\"pid\":9,\"template_id\":1,\"name\":\"select\",\"label\":\"下拉框\",\"desc\":\"下拉框\",\"template\":\"<FormItem {...formItemLayout} label=\\\"<$ data.label $>：\\\"\\n  <% if extraFieldMap.allowClear.default_value %>\\n     allowClear={<$ extraFieldMap.allowClear.default_value $>}\\n  <% endif %>\\n  <% if extraFieldMap.disabled.default_value %>\\n     disabled={<$ extraFieldMap.disabled.default_value $>}\\n  <% endif %>\\n>\\n  <Select defaultValue=\\\"lucy\\\">\\n    <Option value=\\\"jack\\\">Jack</Option>\\n  </Select>\\n</FormItem>\",\"user_id\":1,\"created_at\":\"2018-03-02 01:19:20\",\"updated_at\":\"2018-03-10 23:11:53\",\"component\":{\"id\":9,\"pid\":0,\"template_id\":null,\"name\":\"form\",\"label\":\"表单组件\",\"desc\":\"具有数据收集、校验和提交功能的表单，包含复选框、单选框、输入框、下拉选择框等元素。\",\"template\":\"<Form onSubmit={this.handleSubmit} className=\\\"login-form\\\">\\n  <FormItem>\\n    {getFieldDecorator(\'userName\', {\\n      rules: [{ required: true, message: \'Please input your username!\' }],\\n    })(\\n      <Input prefix={<Icon type=\\\"user\\\" style={{ color: \'rgba(0,0,0,.25)\' }} />} placeholder=\\\"Username\\\" />\\n    )}\\n  </FormItem>\\n  \\n  <FormItem>\\n    {getFieldDecorator(\'remember\', {\\n      valuePropName: \'checked\',\\n      initialValue: true,\\n    })(\\n      <Checkbox>Remember me</Checkbox>\\n    )}\\n    <a className=\\\"login-form-forgot\\\" href=\\\"\\\">Forgot password</a>\\n    <Button type=\\\"primary\\\" htmlType=\\\"submit\\\" className=\\\"login-form-button\\\">\\n      Log in\\n    </Button>\\n    Or <a href=\\\"\\\">register now!</a>\\n  </FormItem>\\n</Form>\",\"user_id\":1,\"created_at\":\"2018-03-07 23:12:17\",\"updated_at\":\"2018-03-07 23:12:17\"},\"extra_field\":[{\"id\":94,\"component_id\":5,\"name\":\"allowClear\",\"label\":\"支持清除\",\"desc\":\"支持清除\",\"type\":\"radio\",\"options\":\"[true, false]\",\"sort\":\"0\",\"created_at\":\"2018-03-10 23:11:53\",\"updated_at\":\"2018-03-10 23:11:53\",\"key\":\"7c843025-a7a1-4f8a-a325-5acf55c7e857\"},{\"id\":95,\"component_id\":5,\"name\":\"disabled\",\"label\":\"是否禁用\",\"desc\":\"是否禁用\",\"type\":\"radio\",\"options\":\"[true, false]\",\"sort\":\"1\",\"created_at\":\"2018-03-10 23:11:53\",\"updated_at\":\"2018-03-10 23:11:53\",\"key\":\"aa30facf-17c1-48d1-b21d-651bddce3dab\"}]}', '1', '2018-03-12 01:18:24', '2018-03-12 01:18:24');
INSERT INTO `page_component` VALUES ('146', '20', null, '0', '{\"id\":9,\"pid\":0,\"template_id\":null,\"name\":\"form\",\"label\":\"表单组件\",\"desc\":\"具有数据收集、校验和提交功能的表单，包含复选框、单选框、输入框、下拉选择框等元素。\",\"template\":\"<Form onSubmit={this.handleSubmit} className=\\\"login-form\\\">\\n  <FormItem>\\n    {getFieldDecorator(\'userName\', {\\n      rules: [{ required: true, message: \'Please input your username!\' }],\\n    })(\\n      <Input prefix={<Icon type=\\\"user\\\" style={{ color: \'rgba(0,0,0,.25)\' }} />} placeholder=\\\"Username\\\" />\\n    )}\\n  </FormItem>\\n  \\n  <FormItem>\\n    {getFieldDecorator(\'remember\', {\\n      valuePropName: \'checked\',\\n      initialValue: true,\\n    })(\\n      <Checkbox>Remember me</Checkbox>\\n    )}\\n    <a className=\\\"login-form-forgot\\\" href=\\\"\\\">Forgot password</a>\\n    <Button type=\\\"primary\\\" htmlType=\\\"submit\\\" className=\\\"login-form-button\\\">\\n      Log in\\n    </Button>\\n    Or <a href=\\\"\\\">register now!</a>\\n  </FormItem>\\n</Form>\",\"user_id\":1,\"created_at\":\"2018-03-07 23:12:17\",\"updated_at\":\"2018-03-07 23:12:17\",\"extra_field\":[{\"id\":22,\"component_id\":9,\"name\":\"layout\",\"label\":\"表单布局\",\"desc\":\"表单有三种布局。\",\"type\":\"radio\",\"options\":\"[\'horizontal\', \'vertical\', \'inline\']\",\"sort\":\"0\",\"created_at\":\"2018-03-07 23:12:18\",\"updated_at\":\"2018-03-07 23:12:18\",\"key\":\"6a3aa702-877a-421d-90e0-1917b00e896f\"},{\"id\":23,\"component_id\":9,\"name\":\"hideRequiredMark\",\"label\":\"\",\"desc\":\"隐藏所有表单项的必选标记\",\"type\":\"radio\",\"options\":\"[true, false]\",\"default_value\":\"false\",\"sort\":\"1\",\"created_at\":\"2018-03-07 23:12:18\",\"updated_at\":\"2018-03-07 23:12:18\",\"key\":\"cc6d96e0-8b0f-4d27-85ca-7a1c139244ea\"},{\"id\":24,\"component_id\":9,\"name\":\"onSubmit\",\"label\":\"数据验证成功后回调事件\",\"desc\":\"数据验证成功后回调事件\",\"type\":\"textarea\",\"options\":null,\"default_value\":\"(e)=>{console.log(e)}\",\"sort\":\"2\",\"created_at\":\"2018-03-07 23:12:18\",\"updated_at\":\"2018-03-07 23:12:18\",\"key\":\"b7fd78dd-0b23-4320-a29d-b6baac8e71df\"}]}', '2', '2018-03-12 01:18:24', '2018-03-12 01:18:24');
INSERT INTO `page_component` VALUES ('147', '21', null, '0', '{\"id\":3,\"pid\":9,\"template_id\":1,\"name\":\"input\",\"label\":\"文本框\",\"desc\":\"文本框\",\"template\":\"<FormItem {...formItemLayout} label=\\\"<$ data.label $>：\\\" \\n  <% if extraFieldMap.size.default_value %>\\n \\t\\t size={<$ extraFieldMap.size.default_value $>} \\n  <% endif %>\\n\\t<% if extraFieldMap.disabled.default_value %>\\n \\t\\t disabled={<$ extraFieldMap.disabled.default_value $>} \\n  <% endif %>\\n>\\n  {getFieldDecorator(\'<$ data.name $>\', {\\n    initialValue: \'<$ data.name $>\',\\n    <% for item in data.rules %>\\n    rules: [{\\n      required: true, message: \'请输入<$ item.errMsg $>\',\\n    }],\\n    <% endfor %>\\n  })(\\n    <Input size=\\\"<$data.extraFieldData.size $>\\\"  disabled=\\\"<$data.extraFieldData.disabled $>\\\" placeholder=\\\"请输入<$ data.label $>\\\" />\\n  )}\\n</FormItem>\",\"user_id\":1,\"created_at\":\"2018-03-02 01:19:20\",\"updated_at\":\"2018-03-10 23:15:15\",\"component\":{\"id\":9,\"pid\":0,\"template_id\":null,\"name\":\"form\",\"label\":\"表单组件\",\"desc\":\"具有数据收集、校验和提交功能的表单，包含复选框、单选框、输入框、下拉选择框等元素。\",\"template\":\"<Form onSubmit={this.handleSubmit} className=\\\"login-form\\\">\\n  <FormItem>\\n    {getFieldDecorator(\'userName\', {\\n      rules: [{ required: true, message: \'Please input your username!\' }],\\n    })(\\n      <Input prefix={<Icon type=\\\"user\\\" style={{ color: \'rgba(0,0,0,.25)\' }} />} placeholder=\\\"Username\\\" />\\n    )}\\n  </FormItem>\\n  \\n  <FormItem>\\n    {getFieldDecorator(\'remember\', {\\n      valuePropName: \'checked\',\\n      initialValue: true,\\n    })(\\n      <Checkbox>Remember me</Checkbox>\\n    )}\\n    <a className=\\\"login-form-forgot\\\" href=\\\"\\\">Forgot password</a>\\n    <Button type=\\\"primary\\\" htmlType=\\\"submit\\\" className=\\\"login-form-button\\\">\\n      Log in\\n    </Button>\\n    Or <a href=\\\"\\\">register now!</a>\\n  </FormItem>\\n</Form>\",\"user_id\":1,\"created_at\":\"2018-03-07 23:12:17\",\"updated_at\":\"2018-03-07 23:12:17\"},\"extra_field\":[{\"id\":96,\"component_id\":3,\"name\":\"size\",\"label\":\"大小\",\"desc\":\"控件大小。注：标准表单内的输入框大小限制为 large。可选 large default small\",\"type\":\"radio\",\"options\":\"[\'large\', \'default\', \'small\']\",\"default_value\":\"default\",\"sort\":\"0\",\"created_at\":\"2018-03-10 23:15:15\",\"updated_at\":\"2018-03-10 23:15:15\",\"key\":\"1638ba09-2e63-41fb-93a6-d954b4f74ee0\"},{\"id\":97,\"component_id\":3,\"name\":\"disabled\",\"label\":\"是否禁用\",\"desc\":\"是否禁用状态，默认为 false\",\"type\":\"checkbox\",\"options\":\"[\'true\', \'false\']\",\"default_value\":\"false\",\"sort\":\"1\",\"created_at\":\"2018-03-10 23:15:15\",\"updated_at\":\"2018-03-10 23:15:15\",\"key\":\"d2fdc1b5-fcc1-4905-b207-1ac29acea04f\"},{\"id\":98,\"component_id\":3,\"name\":\"className\",\"label\":\"类名\",\"desc\":\"\",\"type\":\"input\",\"options\":\"[]\",\"default_value\":\"demo\",\"sort\":\"2\",\"created_at\":\"2018-03-10 23:15:15\",\"updated_at\":\"2018-03-10 23:15:15\",\"key\":\"9135cc0b-4f2c-4202-8322-81eac093ed02\"}]}', '0', '2018-03-12 22:22:44', '2018-03-12 22:22:44');

-- ----------------------------
-- Table structure for page_template
-- ----------------------------
DROP TABLE IF EXISTS `page_template`;
CREATE TABLE `page_template` (
  `id` int(11) NOT NULL AUTO_INCREMENT,
  `page_id` int(11) DEFAULT NULL,
  `template_id` int(11) DEFAULT NULL,
  `inter_id` int(11) DEFAULT NULL,
  `content` text,
  `sort` varchar(255) DEFAULT NULL,
  `created_at` datetime NOT NULL,
  `updated_at` datetime NOT NULL,
  PRIMARY KEY (`id`)
) ENGINE=InnoDB AUTO_INCREMENT=84 DEFAULT CHARSET=utf8;

-- ----------------------------
-- Records of page_template
-- ----------------------------
INSERT INTO `page_template` VALUES ('12', '13', '1', '1', '{\r\n	\"title\": \"用户编辑\",\r\n	\"desc\": \"用来编辑或创建用户\",\r\n	\"isValid\": true,\r\n	\"validTipPos\": \"1\",\r\n	\"inter_id\": 1,\r\n	\"extra_field\": [],\r\n	\"fields\": [{\r\n		\"name\": \"password\",\r\n		\"label\": \"用户名\",\r\n		\"placeholder\": \"请输入密码\",\r\n		\"type\": \"input\",\r\n		\"defaultValue\": \"\",\r\n		\"rules\": [{\r\n			\"name\": \"email\",\r\n			\"rule\": \"/^([\\\\w-\\\\.]+)@((\\\\[[0-9]{1,3}\\\\.[0-9]{1,3}\\\\.[0-9]{1,3}\\\\.)|(([\\\\w-]+\\\\.)+))([a-zA-Z]{2,4}|[0-9]{1,3})(\\\\]?)$/\",\r\n			\"success_msg\": \"你好啊 \",\r\n			\"error_msg\": \"请输入合法邮箱\",\r\n			\"key\": \"2c25e259-74c9-4fd7-8ea9-2be7a165ab92\"\r\n		}, {\r\n			\"name\": \"custom\",\r\n			\"rule\": null,\r\n			\"success_msg\": \"正确\",\r\n			\"error_msg\": null,\r\n			\"key\": \"6990d776-07d2-4cd0-be10-a6b2752d47c3\"\r\n		}],\r\n		\"key\": \"7c6202e7-135f-4f8a-a52b-de0740c7c7d8\",\r\n		\"default_value\": \"123456\"\r\n	}, {\r\n		\"name\": \"userName\",\r\n		\"label\": \"用户名\",\r\n		\"placeholder\": \"\",\r\n		\"type\": \"input\",\r\n		\"defaultValue\": \"\",\r\n		\"rules\": [{\r\n			\"name\": \"required\",\r\n			\"rule\": \"/.+/\",\r\n			\"success_msg\": \"验证通过\",\r\n			\"error_msg\": \"请选择性别\"\r\n		}],\r\n		\"key\": \"2d58a248-7856-48c9-8b6d-802735530043\"\r\n	}, {\r\n		\"name\": \"addr\",\r\n		\"label\": \"地址\",\r\n		\"type\": \"input\",\r\n		\"placeholder\": \"河北省\",\r\n		\"default_value\": \"河北省\",\r\n		\"rules\": [],\r\n		\"key\": \"74091b38-a231-4409-aa23-e38fe4352cb3\"\r\n	}],\r\n	\"confirm\": {\r\n		\"text\": \"保存\",\r\n		\"before\": \"\\n              function(){\\n                alert(\'执行逻辑之前处理下\')\\n              }\\n          \",\r\n		\"cb\": \"\\n            function(){\\n              alert(\'执行逻辑比如保存数据\')\\n            }\\n          \",\r\n		\"after\": \"\\n            function(){\\n              alert(\'执行逻辑之后处理下\')\\n            }\\n          \"\r\n	},\r\n	\"cancel\": {\r\n		\"text\": \"取消\",\r\n		\"before\": \"\\n            alert(\'执行逻辑之前处理下\')\\n          \",\r\n		\"cb\": \"\\n            function(){\\n              alert(\'确认取消并返回\')\\n            }\\n          \",\r\n		\"after\": \"\\n            alert(\'执行逻辑之后处理下\')\\n          \"\r\n	},\r\n	\"customBtns\": [{\r\n		\"key\": \"reset\",\r\n		\"text\": \"重置\",\r\n		\"before\": \"\\n              alert(\'执行逻辑之前处理下\')\\n            \",\r\n		\"cb\": \"\\n              alert(\'执行逻辑比如保存数据\')\\n            \",\r\n		\"after\": \"\\n              alert(\'执行逻辑之后处理下\')\\n            \"\r\n	}]\r\n}', '0', '2018-03-03 18:55:40', '2018-03-03 18:55:40');
INSERT INTO `page_template` VALUES ('13', '14', '1', null, '{\"id\":13,\"scaffold_id\":1,\"name\":\"form\",\"label\":\"表单有扩张字段\",\"desc\":\"\",\"cate_id\":1,\"template\":\"import React, { PureComponent } from \'react\';\\nimport { connect } from \'dva\';\\nimport { routerRedux } from \'dva/router\';\\nimport {\\n  message,\\n  Form, Input, DatePicker, Select, Button, Card, InputNumber, Radio, Icon, Tooltip,\\n} from \'antd\';\\nimport PageHeaderLayout from \'../../layouts/PageHeaderLayout\';\\nimport styles from \'./preview.less\';\\n\\nconst FormItem = Form.Item;\\nconst { Option } = Select;\\nconst { RangePicker } = DatePicker;\\nconst { TextArea } = Input;\\n\\n@connect(({ valid, loading }) => ({\\n  valid: valid,\\n  submitting: loading.effects[\'valid/add\'],\\n}))\\n@Form.create()\\nexport default class BasicForms extends PureComponent {\\n  componentDidMount(){\\n    let id = 123;\\n    if(id != 0){\\n      this.props.dispatch({\\n        type: \'valid/info\',\\n        payload: {\\n          id: id,\\n        },\\n      });\\n    }\\n  }\\n  handleSubmit = (e) => {\\n    e.preventDefault();\\n    this.props.form.validateFieldsAndScroll((err, values) => {\\n      if (!err) {\\n        this.props.dispatch({\\n          type: \'valid/add\',\\n          payload: values,\\n          callback: () => {\\n            message.success(\'保存成功\');\\n\\n            this.props.dispatch(routerRedux.push(\'/valid/list\'));\\n          }\\n        });\\n      }\\n    });\\n  }\\n\\n  <% for btn in pageData.customBtns %>\\n    <$ btn.key + \'BeforeHandle\' $> = (e) => {\\n      <$ btn.before $>\\n    }\\n    <$ btn.key + \'Handle\' $> = (e) => {\\n      if(!this.<$ btn.key + \'BeforeHandle()\' $>) return ;\\n\\n      <$ btn.cb $>\\n\\n      this.<$ btn.key + \'AfterHandle();\' $>\\n    }\\n    <$ btn.key + \'AfterHandle\' $> = (e) => {\\n      <$ btn.after $>\\n    }\\n  <% endfor %>\\n\\n  render() {\\n    const { valid: {info}, submitting } = this.props;\\n    const { getFieldDecorator, getFieldValue } = this.props.form;\\n\\n    const formItemLayout = {\\n      labelCol: {\\n        xs: { span: 24 },\\n        sm: { span: 7 },\\n      },\\n      wrapperCol: {\\n        xs: { span: 24 },\\n        sm: { span: 12 },\\n        md: { span: 10 },\\n      },\\n    };\\n\\n    const submitFormLayout = {\\n      wrapperCol: {\\n        xs: { span: 24, offset: 0 },\\n        sm: { span: 10, offset: 7 },\\n      },\\n    };\\n\\n    return (\\n<PageHeaderLayout title=\\\"<$ pageData.title $>\\\" content=\\\"<$ pageData.desc $>\\\">\\n  <Card bordered={false}>\\n    <Form\\n      onSubmit={this.handleSubmit}\\n      hideRequiredMark\\n      style={{ marginTop: 8 }}\\n    >\\n      <$ getTemplate(pageData, componentData.components) $>\\n\\n      <FormItem {...submitFormLayout} style={{ marginTop: 32 }}>\\n        <% if pageData.confirm %>\\n        <Button type=\\\"primary\\\" htmlType=\\\"submit\\\" loading={submitting}>\\n          <$ pageData.confirm.text $>\\n        </Button>\\n        <% endif %>\\n        <% if pageData.cancel %>\\n        <Button type=\\\"primary\\\" htmlType=\\\"submit\\\" loading={submitting}>\\n          <$ pageData.cancel.text $>\\n        </Button>\\n        <% endif %>\\n        <% for btn in pageData.customBtns %>\\n          <Button type=\\\"reset\\\" onClick={<$ \'this.\' + btn.key + \'Handle\' $>} htmlType=\\\"submit\\\" loading={submitting}>\\n            <$ btn.text $>\\n          </Button>\\n        <% endfor %>\\n      </FormItem>\\n    </Form>\\n  </Card>\\n</PageHeaderLayout>\\n    );\\n  }\\n}\\n\",\"js_template\":null,\"css_template\":null,\"ext_templates\":null,\"user_id\":1,\"created_at\":\"2018-03-04 13:34:54\",\"updated_at\":\"2018-03-04 17:17:14\",\"extra_field\":[{\"id\":10,\"template_id\":13,\"name\":\"tt\",\"label\":\"tt\",\"desc\":\"t\",\"type\":\"1\",\"options\":\"[]\",\"default_value\":\"tthhhhfffj75565\",\"sort\":\"0\",\"created_at\":\"2018-03-04 17:17:14\",\"updated_at\":\"2018-03-04 17:17:14\"},{\"id\":11,\"template_id\":13,\"name\":\"qq\",\"label\":\"qq\",\"desc\":\"qq\",\"type\":\"1\",\"options\":\"[]\",\"default_value\":\"qqhhhhffaa7333\",\"sort\":\"1\",\"created_at\":\"2018-03-04 17:17:14\",\"updated_at\":\"2018-03-04 17:17:14\"}],\"isValid\":true,\"validTipPos\":\"\",\"inter_id\":\"\",\"fields\":[{\"name\":\"name\",\"value\":\"\",\"label\":\"\",\"placeholder\":\" \",\"type\":\"\",\"default_value\":\"@name\",\"rules\":[],\"key\":\"1b0ea957-e47f-4a2b-a2e1-8a577fdc9a93\"},{\"name\":\"email\",\"value\":\"\",\"label\":\"\",\"placeholder\":\"\",\"type\":\"\",\"default_value\":\"@email\",\"rules\":[],\"key\":\"7eb2c8e9-401b-4ba0-83d9-427811d56c85\"},{\"name\":\"time\",\"value\":\"\",\"label\":\"\",\"placeholder\":\"\",\"type\":\"\",\"default_value\":\"@datetime\",\"rules\":[],\"key\":\"21f833ca-94c8-4f0a-9725-11df4572ab08\"},{\"name\":\"sex\",\"value\":\"\",\"label\":\"\",\"placeholder\":\"\",\"type\":\"\",\"default_value\":\"@datetime\",\"rules\":[],\"key\":\"e2e6a991-6241-494d-b1d4-c4ce09a97ab4\"},{\"name\":\"age\",\"value\":\"\",\"label\":\"\",\"placeholder\":\"\",\"type\":\"\",\"default_value\":\"@datetime\",\"rules\":[],\"key\":\"85e4e472-e07c-4dab-983b-eb2a70289bf3\"}],\"tt\":\"tto\",\"qq\":\"qqi\"}', '0', '2018-03-04 21:29:46', '2018-03-04 21:29:46');
INSERT INTO `page_template` VALUES ('14', '18', '14', '0', '{\"fields\":[{\"name\":\"name\",\"value\":\"\",\"label\":\"\",\"placeholder\":\"\",\"type\":\"input\",\"default_value\":\"@name\",\"rules\":[{\"name\":\"required\",\"rule\":\"function(value) {return !!value;}\",\"success_msg\":\"正确\",\"error_msg\":\"请输入值\",\"key\":\"56a62ac1-1cf4-485d-a0b9-496e01608df1\"},{\"name\":\"username\",\"rule\":\"/\\\\d/\",\"success_msg\":\"成功\",\"error_msg\":\"失败\",\"key\":\"89a9be96-9496-4ffb-8525-afd81cd0c55d\"}],\"key\":\"53c8fc8f-2aac-42b6-a851-8d2cdbbbeac1\"},{\"name\":\"email\",\"value\":\"\",\"label\":\"\",\"placeholder\":\"\",\"type\":\"textarea\",\"default_value\":\"@email\",\"rules\":[],\"key\":\"4955f759-2179-4ddc-8313-da1cf5aad973\"},{\"name\":\"time\",\"value\":\"\",\"label\":\"\",\"placeholder\":\"\",\"type\":\"textarea\",\"default_value\":\"@datetime\",\"rules\":[],\"key\":\"b73bea76-e5de-4684-84f1-30d5ce9ea7f8\"},{\"name\":\"sex\",\"value\":\"\",\"label\":\"\",\"placeholder\":\"\",\"type\":\"select\",\"default_value\":\"@datetime\",\"rules\":[],\"key\":\"d85d21ed-9463-409d-b0f7-b84bab604d36\"},{\"name\":\"age\",\"value\":\"\",\"label\":\"\",\"placeholder\":\"\",\"type\":\"checkbox\",\"default_value\":\"@datetime\",\"rules\":[],\"key\":\"23bfd7fe-eddb-422e-84b9-d1bea3fc1faf\"}],\"id\":14,\"scaffold_id\":1,\"name\":\"newForm\",\"label\":\"新表单\",\"desc\":\"新表单 extra_filed\",\"cate_id\":1,\"template\":\"import React, { PureComponent } from \'react\';\\nimport { connect } from \'dva\';\\nimport { routerRedux } from \'dva/router\';\\nimport {\\n  message,\\n  Checkbox,\\n  Form, Input, DatePicker, Select, Button, Card, InputNumber, Radio, Icon, Tooltip,\\n} from \'antd\';\\nimport PageHeaderLayout from \'../../layouts/PageHeaderLayout\';\\nimport styles from \'./preview.less\';\\n\\nconst FormItem = Form.Item;\\nconst { Option } = Select;\\nconst { RangePicker } = DatePicker;\\nconst { TextArea } = Input;\\n\\n@connect(({ valid, loading }) => ({\\n  valid: valid,\\n  submitting: loading.effects[\'valid/add\'],\\n}))\\n@Form.create()\\nexport default class BasicForms extends PureComponent {\\n  componentDidMount(){\\n    let id = 123;\\n    if(id != 0){\\n      this.props.dispatch({\\n        type: \'valid/info\',\\n        payload: {\\n          id: id,\\n        },\\n      });\\n    }\\n  }\\n  handleSubmit = (e) => {\\n    e.preventDefault();\\n    this.props.form.validateFieldsAndScroll((err, values) => {\\n      if (!err) {\\n        this.props.dispatch({\\n          type: \'valid/add\',\\n          payload: values,\\n          callback: () => {\\n            message.success(\'保存成功\');\\n\\n            this.props.dispatch(routerRedux.push(\'/valid/list\'));\\n          }\\n        });\\n      }\\n    });\\n  }\\n\\n  <% for btn in pageTemplateData.customBtns %>\\n    <$ btn.key + \'BeforeHandle\' $> = (e) => {\\n      <$ btn.before $>\\n    }\\n    <$ btn.key + \'Handle\' $> = (e) => {\\n      if(!this.<$ btn.key + \'BeforeHandle()\' $>) return ;\\n\\n      <$ btn.cb $>\\n\\n      this.<$ btn.key + \'AfterHandle();\' $>\\n    }\\n    <$ btn.key + \'AfterHandle\' $> = (e) => {\\n      <$ btn.after $>\\n    }\\n  <% endfor %>\\n\\n  render() {\\n    const { valid: {info}, submitting } = this.props;\\n    const { getFieldDecorator, getFieldValue } = this.props.form;\\n\\n    const formItemLayout = {\\n      labelCol: {\\n        xs: { span: 24 },\\n        sm: { span: 7 },\\n      },\\n      wrapperCol: {\\n        xs: { span: 24 },\\n        sm: { span: 12 },\\n        md: { span: 10 },\\n      },\\n    };\\n\\n    const submitFormLayout = {\\n      wrapperCol: {\\n        xs: { span: 24, offset: 0 },\\n        sm: { span: 10, offset: 7 },\\n      },\\n    };\\n\\n    return (\\n<PageHeaderLayout title=\\\"<$ pageData.title $>\\\" content=\\\"<$ pageData.desc $>\\\">\\n  <Card bordered={false}>\\n    <Form\\n      onSubmit={this.handleSubmit}\\n      hideRequiredMark\\n      style={{ marginTop: 8 }}\\n    >\\n\\t    <div>额外字段： label: <$ pageData.extraFieldMap.label.default_value $> name: <$ pageData.extraFieldMap.name $></div>\\n      <$ renderComponentAll() $>\\n      <$ renderCustomTemplate() $>\\n\\n      <FormItem {...submitFormLayout} style={{ marginTop: 32 }}>\\n        <% if pageTemplateData.confirm %>\\n        <Button type=\\\"primary\\\" htmlType=\\\"submit\\\" loading={submitting}>\\n          <$ pageTemplateData.confirm.text $>\\n        </Button>\\n        <% endif %>\\n        <% if pageTemplateData.cancel %>\\n        <Button type=\\\"primary\\\" htmlType=\\\"submit\\\" loading={submitting}>\\n          <$ pageTemplateData.cancel.text $>\\n        </Button>\\n        <% endif %>\\n        <% for btn in pageTemplateData.customBtns %>\\n          <Button type=\\\"reset\\\" onClick={<$ \'this.\' + btn.key + \'Handle\' $>} htmlType=\\\"submit\\\" loading={submitting}>\\n            <$ btn.text $>\\n          </Button>\\n        <% endfor %>\\n      </FormItem>\\n    </Form>\\n  </Card>\\n</PageHeaderLayout>\\n    );\\n  }\\n}\\n\",\"user_id\":1,\"created_at\":\"2018-03-08 00:16:24\",\"updated_at\":\"2018-03-08 00:16:24\",\"extra_field\":[{\"id\":24,\"template_id\":14,\"name\":\"label\",\"label\":\"标签\",\"desc\":\"标签\",\"type\":\"input\",\"options\":null,\"default_value\":\"test extraField  label标签\",\"sort\":\"0\",\"created_at\":\"2018-03-08 00:16:24\",\"updated_at\":\"2018-03-08 00:16:24\",\"key\":\"0dfbabce-d89f-4147-9ec0-65ce3429a902\"},{\"id\":25,\"template_id\":14,\"name\":\"name\",\"label\":\"name\",\"desc\":\"name\",\"type\":\"input\",\"options\":null,\"default_value\":\"hellow daycool\",\"sort\":\"1\",\"created_at\":\"2018-03-08 00:16:24\",\"updated_at\":\"2018-03-08 00:16:24\",\"key\":\"99b22fc4-16db-4269-8d3e-3134fc483c92\"}]}', '0', '2018-03-08 01:02:22', '2018-03-08 01:02:22');
INSERT INTO `page_template` VALUES ('15', '19', '14', '0', '{\"fields\":[{\"name\":\"name\",\"value\":\"\",\"label\":\"\",\"placeholder\":\"\",\"type\":\"input\",\"default_value\":\"@name\",\"rules\":[{\"name\":\"required\",\"rule\":\"function(value) {return !!value;}\",\"success_msg\":\"正确\",\"error_msg\":\"请输入值\",\"key\":\"56a62ac1-1cf4-485d-a0b9-496e01608df1\"},{\"name\":\"username\",\"rule\":\"/\\\\d/\",\"success_msg\":\"成功\",\"error_msg\":\"失败\",\"key\":\"89a9be96-9496-4ffb-8525-afd81cd0c55d\"}],\"key\":\"53c8fc8f-2aac-42b6-a851-8d2cdbbbeac1\"},{\"name\":\"email\",\"value\":\"\",\"label\":\"\",\"placeholder\":\"\",\"type\":\"textarea\",\"default_value\":\"@email\",\"rules\":[],\"key\":\"4955f759-2179-4ddc-8313-da1cf5aad973\"},{\"name\":\"time\",\"value\":\"\",\"label\":\"\",\"placeholder\":\"\",\"type\":\"textarea\",\"default_value\":\"@datetime\",\"rules\":[],\"key\":\"b73bea76-e5de-4684-84f1-30d5ce9ea7f8\"},{\"name\":\"sex\",\"value\":\"\",\"label\":\"\",\"placeholder\":\"\",\"type\":\"select\",\"default_value\":\"@datetime\",\"rules\":[],\"key\":\"d85d21ed-9463-409d-b0f7-b84bab604d36\"},{\"name\":\"age\",\"value\":\"\",\"label\":\"\",\"placeholder\":\"\",\"type\":\"checkbox\",\"default_value\":\"@datetime\",\"rules\":[],\"key\":\"23bfd7fe-eddb-422e-84b9-d1bea3fc1faf\"}],\"id\":14,\"scaffold_id\":1,\"name\":\"newForm\",\"label\":\"新表单\",\"desc\":\"新表单 extra_filed\",\"cate_id\":1,\"template\":\"import React, { PureComponent } from \'react\';\\nimport { connect } from \'dva\';\\nimport { routerRedux } from \'dva/router\';\\nimport {\\n  message,\\n  Checkbox,\\n  Form, Input, DatePicker, Select, Button, Card, InputNumber, Radio, Icon, Tooltip,\\n} from \'antd\';\\nimport PageHeaderLayout from \'../../layouts/PageHeaderLayout\';\\nimport styles from \'./preview.less\';\\n\\nconst FormItem = Form.Item;\\nconst { Option } = Select;\\nconst { RangePicker } = DatePicker;\\nconst { TextArea } = Input;\\n\\n@connect(({ valid, loading }) => ({\\n  valid: valid,\\n  submitting: loading.effects[\'valid/add\'],\\n}))\\n@Form.create()\\nexport default class BasicForms extends PureComponent {\\n  componentDidMount(){\\n    let id = 123;\\n    if(id != 0){\\n      this.props.dispatch({\\n        type: \'valid/info\',\\n        payload: {\\n          id: id,\\n        },\\n      });\\n    }\\n  }\\n  handleSubmit = (e) => {\\n    e.preventDefault();\\n    this.props.form.validateFieldsAndScroll((err, values) => {\\n      if (!err) {\\n        this.props.dispatch({\\n          type: \'valid/add\',\\n          payload: values,\\n          callback: () => {\\n            message.success(\'保存成功\');\\n\\n            this.props.dispatch(routerRedux.push(\'/valid/list\'));\\n          }\\n        });\\n      }\\n    });\\n  }\\n\\n  <% for btn in pageTemplateData.customBtns %>\\n    <$ btn.key + \'BeforeHandle\' $> = (e) => {\\n      <$ btn.before $>\\n    }\\n    <$ btn.key + \'Handle\' $> = (e) => {\\n      if(!this.<$ btn.key + \'BeforeHandle()\' $>) return ;\\n\\n      <$ btn.cb $>\\n\\n      this.<$ btn.key + \'AfterHandle();\' $>\\n    }\\n    <$ btn.key + \'AfterHandle\' $> = (e) => {\\n      <$ btn.after $>\\n    }\\n  <% endfor %>\\n\\n  render() {\\n    const { valid: {info}, submitting } = this.props;\\n    const { getFieldDecorator, getFieldValue } = this.props.form;\\n\\n    const formItemLayout = {\\n      labelCol: {\\n        xs: { span: 24 },\\n        sm: { span: 7 },\\n      },\\n      wrapperCol: {\\n        xs: { span: 24 },\\n        sm: { span: 12 },\\n        md: { span: 10 },\\n      },\\n    };\\n\\n    const submitFormLayout = {\\n      wrapperCol: {\\n        xs: { span: 24, offset: 0 },\\n        sm: { span: 10, offset: 7 },\\n      },\\n    };\\n\\n    return (\\n<PageHeaderLayout title=\\\"<$ pageData.title $>\\\" content=\\\"<$ pageData.desc $>\\\">\\n  <Card bordered={false}>\\n    <Form\\n      onSubmit={this.handleSubmit}\\n      hideRequiredMark\\n      style={{ marginTop: 8 }}\\n    >\\n\\t    <div>额外字段： label: <$ pageData.extraFieldMap.label.default_value $> name: <$ pageData.extraFieldMap.name $></div>\\n      <$ renderComponentAll() $>\\n      <$ renderCustomTemplate() $>\\n\\n      <FormItem {...submitFormLayout} style={{ marginTop: 32 }}>\\n        <% if pageTemplateData.confirm %>\\n        <Button type=\\\"primary\\\" htmlType=\\\"submit\\\" loading={submitting}>\\n          <$ pageTemplateData.confirm.text $>\\n        </Button>\\n        <% endif %>\\n        <% if pageTemplateData.cancel %>\\n        <Button type=\\\"primary\\\" htmlType=\\\"submit\\\" loading={submitting}>\\n          <$ pageTemplateData.cancel.text $>\\n        </Button>\\n        <% endif %>\\n        <% for btn in pageTemplateData.customBtns %>\\n          <Button type=\\\"reset\\\" onClick={<$ \'this.\' + btn.key + \'Handle\' $>} htmlType=\\\"submit\\\" loading={submitting}>\\n            <$ btn.text $>\\n          </Button>\\n        <% endfor %>\\n      </FormItem>\\n    </Form>\\n  </Card>\\n</PageHeaderLayout>\\n    );\\n  }\\n}\\n\",\"user_id\":1,\"created_at\":\"2018-03-08 00:16:24\",\"updated_at\":\"2018-03-08 00:16:24\",\"extra_field\":[{\"id\":24,\"template_id\":14,\"name\":\"label\",\"label\":\"标签\",\"desc\":\"标签\",\"type\":\"input\",\"options\":null,\"default_value\":\"test extraField  label标签\",\"sort\":\"0\",\"created_at\":\"2018-03-08 00:16:24\",\"updated_at\":\"2018-03-08 00:16:24\",\"key\":\"0dfbabce-d89f-4147-9ec0-65ce3429a902\"},{\"id\":25,\"template_id\":14,\"name\":\"name\",\"label\":\"name\",\"desc\":\"name\",\"type\":\"input\",\"options\":null,\"default_value\":\"hellow daycool\",\"sort\":\"1\",\"created_at\":\"2018-03-08 00:16:24\",\"updated_at\":\"2018-03-08 00:16:24\",\"key\":\"99b22fc4-16db-4269-8d3e-3134fc483c92\"}]}', '0', '2018-03-08 01:05:36', '2018-03-08 01:05:36');
INSERT INTO `page_template` VALUES ('58', '20', '13', '0', '{\"fields\":[{\"name\":\"name\",\"value\":\"\",\"label\":\"用户名\",\"placeholder\":\"\",\"type\":\"textarea\",\"default_value\":\"@name\",\"rules\":[],\"key\":\"97b5e4b0-df39-45c4-8971-d4632d65fac6\"},{\"name\":\"email\",\"value\":\"\",\"label\":\"\",\"placeholder\":\"\",\"type\":\"input\",\"default_value\":\"@email\",\"rules\":[],\"key\":\"aff64385-361c-4c98-941a-60216e39c903\"},{\"name\":\"time\",\"value\":\"\",\"label\":\"\",\"placeholder\":\"\",\"type\":\"select\",\"default_value\":\"@datetime\",\"rules\":[],\"key\":\"cd961ded-f727-4a4b-a44d-99f91d833924\"},{\"name\":\"sex\",\"value\":\"\",\"label\":\"\",\"placeholder\":\"\",\"type\":\"checkbox\",\"default_value\":\"@datetime\",\"rules\":[],\"key\":\"1c0c61d5-f06f-436b-99de-81f7f4c75862\"},{\"name\":\"age\",\"value\":\"\",\"label\":\"\",\"placeholder\":\"\",\"type\":\"select\",\"default_value\":\"@datetime\",\"rules\":[],\"key\":\"77fb073e-6911-44a5-8b88-8d916cdd6da8\"}],\"id\":13,\"scaffold_id\":1,\"name\":\"form\",\"label\":\"表单有扩张字段\",\"desc\":\"\",\"cate_id\":1,\"template\":\"import React, { PureComponent } from \'react\';\\nimport { connect } from \'dva\';\\nimport { routerRedux } from \'dva/router\';\\nimport {\\n  message,\\n  Checkbox,\\n  Form, Input, DatePicker, Select, Button, Card, InputNumber, Radio, Icon, Tooltip,\\n} from \'antd\';\\nimport PageHeaderLayout from \'../../layouts/PageHeaderLayout\';\\nimport styles from \'./preview.less\';\\n\\nconst FormItem = Form.Item;\\nconst { Option } = Select;\\nconst { RangePicker } = DatePicker;\\nconst { TextArea } = Input;\\n\\n@connect(({ valid, loading }) => ({\\n  valid: valid,\\n  submitting: loading.effects[\'valid/add\'],\\n}))\\n@Form.create()\\nexport default class BasicForms extends PureComponent {\\n  componentDidMount(){\\n    let id = 123;\\n    if(id != 0){\\n      this.props.dispatch({\\n        type: \'valid/info\',\\n        payload: {\\n          id: id,\\n        },\\n      });\\n    }\\n  }\\n  handleSubmit = (e) => {\\n    e.preventDefault();\\n    this.props.form.validateFieldsAndScroll((err, values) => {\\n      if (!err) {\\n        this.props.dispatch({\\n          type: \'valid/add\',\\n          payload: values,\\n          callback: () => {\\n            message.success(\'保存成功\');\\n\\n            this.props.dispatch(routerRedux.push(\'/valid/list\'));\\n          }\\n        });\\n      }\\n    });\\n  }\\n\\n  <% for btn in pageTemplateData.customBtns %>\\n    <$ btn.key + \'BeforeHandle\' $> = (e) => {\\n      <$ btn.before $>\\n    }\\n    <$ btn.key + \'Handle\' $> = (e) => {\\n      if(!this.<$ btn.key + \'BeforeHandle()\' $>) return ;\\n\\n      <$ btn.cb $>\\n\\n      this.<$ btn.key + \'AfterHandle();\' $>\\n    }\\n    <$ btn.key + \'AfterHandle\' $> = (e) => {\\n      <$ btn.after $>\\n    }\\n  <% endfor %>\\n\\n  render() {\\n    const { valid: {info}, submitting } = this.props;\\n    const { getFieldDecorator, getFieldValue } = this.props.form;\\n\\n    const formItemLayout = {\\n      labelCol: {\\n        xs: { span: 24 },\\n        sm: { span: 7 },\\n      },\\n      wrapperCol: {\\n        xs: { span: 24 },\\n        sm: { span: 12 },\\n        md: { span: 10 },\\n      },\\n    };\\n\\n    const submitFormLayout = {\\n      wrapperCol: {\\n        xs: { span: 24, offset: 0 },\\n        sm: { span: 10, offset: 7 },\\n      },\\n    };\\n\\n    return (\\n<PageHeaderLayout title=\\\"<$ pageData.title $>\\\" content=\\\"<$ pageData.desc $>\\\">\\n  <Card bordered={false}>\\n    <Form\\n      onSubmit={this.handleSubmit}\\n      hideRequiredMark\\n      style={{ marginTop: 8 }}\\n    >\\n\\t    <div>额外字段： label: <$ pageData.extraFieldMap.confirm.label $> name: <$ pageData.extraFieldMap.confirm.name $></div>\\n      <$ renderComponentAll() $>\\n      <$ renderCustomTemplate() $>\\n\\n      <FormItem {...submitFormLayout} style={{ marginTop: 32 }}>\\n        <% if pageTemplateData.confirm %>\\n        <Button type=\\\"primary\\\" htmlType=\\\"submit\\\" loading={submitting}>\\n          <$ pageTemplateData.confirm.text $>\\n        </Button>\\n        <% endif %>\\n        <% if pageTemplateData.cancel %>\\n        <Button type=\\\"primary\\\" htmlType=\\\"submit\\\" loading={submitting}>\\n          <$ pageTemplateData.cancel.text $>\\n        </Button>\\n        <% endif %>\\n        <% for btn in pageTemplateData.customBtns %>\\n          <Button type=\\\"reset\\\" onClick={<$ \'this.\' + btn.key + \'Handle\' $>} htmlType=\\\"submit\\\" loading={submitting}>\\n            <$ btn.text $>\\n          </Button>\\n        <% endfor %>\\n      </FormItem>\\n    </Form>\\n  </Card>\\n</PageHeaderLayout>\\n    );\\n  }\\n}\\n\",\"user_id\":1,\"created_at\":\"2018-03-04 13:34:54\",\"updated_at\":\"2018-03-10 23:46:05\",\"scaffold\":{\"id\":1,\"name\":\"ant-design pro\",\"label\":\"ant-design pro\",\"desc\":\"ant-design pro\",\"file\":null,\"router_file_path\":\"/src/common/routerData.js\",\"router_template\":\"export default function getGenRouterData(app, dynamicWrapper){\\n  const routerData = {\\n    \'/\': {\\n      component: dynamicWrapper(app, [\'user\', \'login\'], () => import(\'../layouts/BasicLayout\')),\\n    },\\n    \'/app/list\': {\\n      component: dynamicWrapper(app, [\'app\', \'preview\'], () => import(\'../routes/App/List\')),\\n    },\\n    \'/app/add/:id\': {\\n      component: dynamicWrapper(app, [\'app\', \'interApp\', \'scaffold\', \'layout\', \'preview\'], () => import(\'../routes/App/Add\')),\\n    },\\n    \'/inter/list\': {\\n      component: dynamicWrapper(app, [\'inter\'], () => import(\'../routes/Inter/List\')),\\n    },\\n    \'/inter/add/:id\': {\\n      component: dynamicWrapper(app, [\'inter\', \'interApp\'], () => import(\'../routes/Inter/Add\')),\\n    },\\n    \'/scaffold/list\': {\\n      component: dynamicWrapper(app, [\'scaffold\'], () => import(\'../routes/Scaffold/List\')),\\n    },\\n    \'/scaffold/add/:id\': {\\n      component: dynamicWrapper(app, [\'scaffold\'], () => import(\'../routes/Scaffold/Add\')),\\n    },\\n    \'/layout/list\': {\\n      component: dynamicWrapper(app, [\'layout\', \'scaffold\'], () => import(\'../routes/Layout/List\')),\\n    },\\n    \'/layout/add/:id\': {\\n      component: dynamicWrapper(app, [\'layout\'], () => import(\'../routes/Layout/Add\')),\\n    },\\n    \'/page/list\': {\\n      component: dynamicWrapper(app, [\'page\', \'preview\'], () => import(\'../routes/Page/List\')),\\n    },\\n    \'/page/add/:app_id/:id/:pid\': {\\n      component: dynamicWrapper(app, [\'app\', \'page\', \'template\', \'component\', \'valid\', \'inter\', \'preview\'], () => import(\'../routes/Page/Add\')),\\n    },\\n    \'/template/list\': {\\n      component: dynamicWrapper(app, [\'template\'], () => import(\'../routes/Template/List\')),\\n    },\\n    \'/template/add/:id\': {\\n      component: dynamicWrapper(app, [\'template\', \'scaffold\'], () => import(\'../routes/Template/Add\')),\\n    },\\n    \'/component/list\': {\\n      component: dynamicWrapper(app, [\'component\', \'template\'], () => import(\'../routes/Component/List\')),\\n    },\\n    \'/component/add/:id\': {\\n      component: dynamicWrapper(app, [\'component\'], () => import(\'../routes/Component/Add\')),\\n    },\\n    \'/valid/list\': {\\n      component: dynamicWrapper(app, [\'valid\'], () => import(\'../routes/Valid/List\')),\\n    },\\n    \'/valid/add/:id\': {\\n      component: dynamicWrapper(app, [\'valid\'], () => import(\'../routes/Valid/Add\')),\\n    },\\n    \'/preview/preview\': {\\n      component: dynamicWrapper(app, [\'valid\'], () => import(\'../routes/Preview/Preview\')),\\n    },\\n    \'/exception/403\': {\\n      component: dynamicWrapper(app, [], () => import(\'../routes/Exception/403\')),\\n    },\\n    \'/exception/404\': {\\n      component: dynamicWrapper(app, [], () => import(\'../routes/Exception/404\')),\\n    },\\n    \'/exception/500\': {\\n      component: dynamicWrapper(app, [], () => import(\'../routes/Exception/500\')),\\n    },\\n    \'/exception/trigger\': {\\n      component: dynamicWrapper(app, [\'error\'], () => import(\'../routes/Exception/triggerException\')),\\n    },\\n    \'/user\': {\\n      component: dynamicWrapper(app, [], () => import(\'../layouts/UserLayout\')),\\n    },\\n    \'/user/login\': {\\n      component: dynamicWrapper(app, [\'login\'], () => import(\'../routes/User/Login\')),\\n    },\\n    \'/user/register\': {\\n      component: dynamicWrapper(app, [\'register\'], () => import(\'../routes/User/Register\')),\\n    },\\n    \'/user/register-result\': {\\n      component: dynamicWrapper(app, [], () => import(\'../routes/User/RegisterResult\')),\\n    },\\n    <% for item in routerData %>\\n      \'<$ item.path $>\': {\\n        component: dynamicWrapper(app, [], () => import(\'<$ item.filePath $>\')),\\n      },\\n    <% endfor %>\\n  };\\n\\n  return routerData;\\n}\\n\",\"menu_file_path\":\"/src/common/menuData.js\",\"menu_template\":\"\\nexport default function getGenMenuData(app){\\n  const menuData = [\\n    <% for item in menuData %>\\n    {\\n      name: \'<$ item.label $>\',\\n      icon: \'dashboard\',\\n      path: \'<$ item.path $>\',\\n      children: [\\n        <% for subItem in item.children %>\\n  \",\"page_dir\":\"/src/routes\",\"store_dir\":\"/src/models\",\"user_id\":1,\"created_at\":\"2018-03-02 12:08:05\",\"updated_at\":\"2018-03-10 22:51:21\"},\"extra_field\":[{\"id\":34,\"template_id\":13,\"name\":\"confirm\",\"label\":\"确认\",\"desc\":\"t\",\"type\":\"textarea\",\"options\":null,\"default_value\":\"uuuuuuu\",\"sort\":\"0\",\"created_at\":\"2018-03-10 23:46:05\",\"updated_at\":\"2018-03-10 23:46:05\",\"key\":\"7fe5d8f5-0757-46b4-9e49-302dd88391d3\"},{\"id\":35,\"template_id\":13,\"name\":\"qq\",\"label\":\"qq\",\"desc\":\"qq\",\"type\":\"1\",\"options\":\"[]\",\"default_value\":\"qq\",\"sort\":\"1\",\"created_at\":\"2018-03-10 23:46:05\",\"updated_at\":\"2018-03-10 23:46:05\",\"key\":\"70520f00-79b5-4278-86a2-333884bf7303\"},{\"id\":36,\"template_id\":13,\"name\":\"uu\",\"label\":\"uu\",\"desc\":\"u\",\"type\":\"1\",\"options\":\"[]\",\"default_value\":\"uu\",\"sort\":\"2\",\"created_at\":\"2018-03-10 23:46:05\",\"updated_at\":\"2018-03-10 23:46:05\",\"key\":\"d75c5160-6c28-4f07-86f1-43e20d31efec\"}]}', '0', '2018-03-12 01:18:24', '2018-03-12 01:18:24');
INSERT INTO `page_template` VALUES ('59', '21', '14', '0', '{\"fields\":[{\"name\":\"name\",\"value\":\"\",\"label\":\"demo\",\"placeholder\":\"demo\",\"type\":\"input\",\"default_value\":\"@name\",\"rules\":[],\"key\":\"61fb4665-6d83-4162-b6eb-e0b73dedfaec\"},{\"name\":\"email\",\"value\":\"\",\"label\":\"demo\",\"placeholder\":\"demo\",\"type\":\"textarea\",\"default_value\":\"@email\",\"rules\":[],\"key\":\"8ec6fcaa-b1c7-4fc0-93ce-fe62964635e6\"},{\"name\":\"time\",\"value\":\"\",\"label\":\"demo\",\"placeholder\":\"demo\",\"type\":\"textarea\",\"default_value\":\"@datetime\",\"rules\":[],\"key\":\"a7ccb384-6fce-4d94-b055-d8cd7cdc8ab7\"},{\"name\":\"sex\",\"value\":\"\",\"label\":\"demo\",\"placeholder\":\"demo\",\"type\":\"select\",\"default_value\":\"@datetime\",\"rules\":[],\"key\":\"cd87f946-da42-4eff-8247-1a79207f911f\"},{\"name\":\"age\",\"value\":\"\",\"label\":\"demo\",\"placeholder\":\"demo\",\"type\":\"checkbox\",\"default_value\":\"@datetime\",\"rules\":[],\"key\":\"c3d5fa63-aef0-4609-af20-d1de052889f5\"}],\"id\":14,\"scaffold_id\":1,\"name\":\"newForm\",\"label\":\"新表单\",\"desc\":\"新表单 extra_filed\",\"cate_id\":1,\"template\":\"import React, { PureComponent } from \'react\';\\nimport { connect } from \'dva\';\\nimport { routerRedux } from \'dva/router\';\\nimport {\\n  message,\\n  Checkbox,\\n  Form, Input, DatePicker, Select, Button, Card, InputNumber, Radio, Icon, Tooltip,\\n} from \'antd\';\\nimport PageHeaderLayout from \'../../layouts/PageHeaderLayout\';\\nimport styles from \'./preview.less\';\\n\\nconst FormItem = Form.Item;\\nconst { Option } = Select;\\nconst { RangePicker } = DatePicker;\\nconst { TextArea } = Input;\\n\\n@connect(({ valid, loading }) => ({\\n  valid: valid,\\n  submitting: loading.effects[\'valid/add\'],\\n}))\\n@Form.create()\\nexport default class BasicForms extends PureComponent {\\n  componentDidMount(){\\n    let id = 123;\\n    if(id != 0){\\n      this.props.dispatch({\\n        type: \'valid/info\',\\n        payload: {\\n          id: id,\\n        },\\n      });\\n    }\\n  }\\n  handleSubmit = (e) => {\\n    e.preventDefault();\\n    this.props.form.validateFieldsAndScroll((err, values) => {\\n      if (!err) {\\n        this.props.dispatch({\\n          type: \'valid/add\',\\n          payload: values,\\n          callback: () => {\\n            message.success(\'保存成功\');\\n\\n            this.props.dispatch(routerRedux.push(\'/valid/list\'));\\n          }\\n        });\\n      }\\n    });\\n  }\\n\\n  <% for btn in pageTemplateData.customBtns %>\\n    <$ btn.key + \'BeforeHandle\' $> = (e) => {\\n      <$ btn.before $>\\n    }\\n    <$ btn.key + \'Handle\' $> = (e) => {\\n      if(!this.<$ btn.key + \'BeforeHandle()\' $>) return ;\\n\\n      <$ btn.cb $>\\n\\n      this.<$ btn.key + \'AfterHandle();\' $>\\n    }\\n    <$ btn.key + \'AfterHandle\' $> = (e) => {\\n      <$ btn.after $>\\n    }\\n  <% endfor %>\\n\\n  render() {\\n    const { valid: {info}, submitting } = this.props;\\n    const { getFieldDecorator, getFieldValue } = this.props.form;\\n\\n    const formItemLayout = {\\n      labelCol: {\\n        xs: { span: 24 },\\n        sm: { span: 7 },\\n      },\\n      wrapperCol: {\\n        xs: { span: 24 },\\n        sm: { span: 12 },\\n        md: { span: 10 },\\n      },\\n    };\\n\\n    const submitFormLayout = {\\n      wrapperCol: {\\n        xs: { span: 24, offset: 0 },\\n        sm: { span: 10, offset: 7 },\\n      },\\n    };\\n\\n    return (\\n<PageHeaderLayout title=\\\"<$ pageData.title $>\\\" content=\\\"<$ pageData.desc $>\\\">\\n  <Card bordered={false}>\\n    <Form\\n      onSubmit={this.handleSubmit}\\n      hideRequiredMark\\n      style={{ marginTop: 8 }}\\n    >\\n\\t    <div>额外字段： label: <$ pageData.extraFieldMap.label.default_value $> name: <$ pageData.extraFieldMap.name.default_value $></div>\\n      <$ renderComponentAll() $>\\n      <$ renderCustomTemplate() $>\\n\\n      <FormItem {...submitFormLayout} style={{ marginTop: 32 }}>\\n        <% if pageTemplateData.confirm %>\\n        <Button type=\\\"primary\\\" htmlType=\\\"submit\\\" loading={submitting}>\\n          <$ pageTemplateData.confirm.text $>\\n        </Button>\\n        <% endif %>\\n        <% if pageTemplateData.cancel %>\\n        <Button type=\\\"primary\\\" htmlType=\\\"submit\\\" loading={submitting}>\\n          <$ pageTemplateData.cancel.text $>\\n        </Button>\\n        <% endif %>\\n        <% for btn in pageTemplateData.customBtns %>\\n          <Button type=\\\"reset\\\" onClick={<$ \'this.\' + btn.key + \'Handle\' $>} htmlType=\\\"submit\\\" loading={submitting}>\\n            <$ btn.text $>\\n          </Button>\\n        <% endfor %>\\n      </FormItem>\\n    </Form>\\n  </Card>\\n</PageHeaderLayout>\\n    );\\n  }\\n}\\n\",\"user_id\":1,\"created_at\":\"2018-03-08 00:16:24\",\"updated_at\":\"2018-03-08 01:33:41\",\"scaffold\":{\"id\":1,\"name\":\"ant-design pro\",\"label\":\"ant-design pro\",\"desc\":\"ant-design pro\",\"file\":null,\"router_file_path\":\"/src/common/routerData.js\",\"router_template\":\"export default function getGenRouterData(app, dynamicWrapper){\\n  const routerData = {\\n    \'/\': {\\n      component: dynamicWrapper(app, [\'user\', \'login\'], () => import(\'../layouts/BasicLayout\')),\\n    },\\n    \'/app/list\': {\\n      component: dynamicWrapper(app, [\'app\', \'preview\'], () => import(\'../routes/App/List\')),\\n    },\\n    \'/app/add/:id\': {\\n      component: dynamicWrapper(app, [\'app\', \'interApp\', \'scaffold\', \'layout\', \'preview\'], () => import(\'../routes/App/Add\')),\\n    },\\n    \'/inter/list\': {\\n      component: dynamicWrapper(app, [\'inter\'], () => import(\'../routes/Inter/List\')),\\n    },\\n    \'/inter/add/:id\': {\\n      component: dynamicWrapper(app, [\'inter\', \'interApp\'], () => import(\'../routes/Inter/Add\')),\\n    },\\n    \'/scaffold/list\': {\\n      component: dynamicWrapper(app, [\'scaffold\'], () => import(\'../routes/Scaffold/List\')),\\n    },\\n    \'/scaffold/add/:id\': {\\n      component: dynamicWrapper(app, [\'scaffold\'], () => import(\'../routes/Scaffold/Add\')),\\n    },\\n    \'/layout/list\': {\\n      component: dynamicWrapper(app, [\'layout\', \'scaffold\'], () => import(\'../routes/Layout/List\')),\\n    },\\n    \'/layout/add/:id\': {\\n      component: dynamicWrapper(app, [\'layout\'], () => import(\'../routes/Layout/Add\')),\\n    },\\n    \'/page/list\': {\\n      component: dynamicWrapper(app, [\'page\', \'preview\'], () => import(\'../routes/Page/List\')),\\n    },\\n    \'/page/add/:app_id/:id/:pid\': {\\n      component: dynamicWrapper(app, [\'app\', \'page\', \'template\', \'component\', \'valid\', \'inter\', \'preview\'], () => import(\'../routes/Page/Add\')),\\n    },\\n    \'/template/list\': {\\n      component: dynamicWrapper(app, [\'template\'], () => import(\'../routes/Template/List\')),\\n    },\\n    \'/template/add/:id\': {\\n      component: dynamicWrapper(app, [\'template\', \'scaffold\'], () => import(\'../routes/Template/Add\')),\\n    },\\n    \'/component/list\': {\\n      component: dynamicWrapper(app, [\'component\', \'template\'], () => import(\'../routes/Component/List\')),\\n    },\\n    \'/component/add/:id\': {\\n      component: dynamicWrapper(app, [\'component\'], () => import(\'../routes/Component/Add\')),\\n    },\\n    \'/valid/list\': {\\n      component: dynamicWrapper(app, [\'valid\'], () => import(\'../routes/Valid/List\')),\\n    },\\n    \'/valid/add/:id\': {\\n      component: dynamicWrapper(app, [\'valid\'], () => import(\'../routes/Valid/Add\')),\\n    },\\n    \'/preview/preview\': {\\n      component: dynamicWrapper(app, [\'valid\'], () => import(\'../routes/Preview/Preview\')),\\n    },\\n    \'/exception/403\': {\\n      component: dynamicWrapper(app, [], () => import(\'../routes/Exception/403\')),\\n    },\\n    \'/exception/404\': {\\n      component: dynamicWrapper(app, [], () => import(\'../routes/Exception/404\')),\\n    },\\n    \'/exception/500\': {\\n      component: dynamicWrapper(app, [], () => import(\'../routes/Exception/500\')),\\n    },\\n    \'/exception/trigger\': {\\n      component: dynamicWrapper(app, [\'error\'], () => import(\'../routes/Exception/triggerException\')),\\n    },\\n    \'/user\': {\\n      component: dynamicWrapper(app, [], () => import(\'../layouts/UserLayout\')),\\n    },\\n    \'/user/login\': {\\n      component: dynamicWrapper(app, [\'login\'], () => import(\'../routes/User/Login\')),\\n    },\\n    \'/user/register\': {\\n      component: dynamicWrapper(app, [\'register\'], () => import(\'../routes/User/Register\')),\\n    },\\n    \'/user/register-result\': {\\n      component: dynamicWrapper(app, [], () => import(\'../routes/User/RegisterResult\')),\\n    },\\n    <% for item in routerData %>\\n      \'<$ item.path $>\': {\\n        component: dynamicWrapper(app, [], () => import(\'<$ item.filePath $>\')),\\n      },\\n    <% endfor %>\\n  };\\n\\n  return routerData;\\n}\\n\",\"menu_file_path\":\"/src/common/menuData.js\",\"menu_template\":\"\\nexport default function getGenMenuData(app){\\n  const menuData = [\\n    <% for item in menuData %>\\n    {\\n      name: \'<$ item.label $>\',\\n      icon: \'dashboard\',\\n      path: \'<$ item.path $>\',\\n      children: [\\n        <% for subItem in item.children %>\\n  \",\"page_dir\":\"/src/routes\",\"store_dir\":\"/src/models\",\"user_id\":1,\"created_at\":\"2018-03-02 12:08:05\",\"updated_at\":\"2018-03-10 22:51:21\"},\"extra_field\":[{\"id\":26,\"template_id\":14,\"name\":\"label\",\"label\":\"标签\",\"desc\":\"标签\",\"type\":\"input\",\"options\":null,\"default_value\":\"test extraField  label标签\",\"sort\":\"0\",\"created_at\":\"2018-03-08 01:33:42\",\"updated_at\":\"2018-03-08 01:33:42\",\"key\":\"cc52f817-bfc6-4bf6-ad13-51ab4e86e4f8\"},{\"id\":27,\"template_id\":14,\"name\":\"name\",\"label\":\"name\",\"desc\":\"name\",\"type\":\"input\",\"options\":null,\"default_value\":\"hellow daycool\",\"sort\":\"1\",\"created_at\":\"2018-03-08 01:33:42\",\"updated_at\":\"2018-03-08 01:33:42\",\"key\":\"7a66759f-df02-440e-bb05-4f97a597996c\"}]}', '0', '2018-03-12 22:22:44', '2018-03-12 22:22:44');
INSERT INTO `page_template` VALUES ('80', '23', '9', '0', '{\"fields\":[{\"name\":\"id\",\"value\":\"\",\"label\":\"帖子id\",\"placeholder\":\"\",\"type\":\"column\",\"default_value\":\"2\",\"rules\":[],\"key\":\"fbcdc040-3474-4ec6-be81-16bb549e8afc\"},{\"name\":\"title\",\"value\":\"\",\"label\":\"帖子标题\",\"placeholder\":\"\",\"type\":\"column\",\"default_value\":\"基于 Hexo + GitHub Pages 搭建个人博客\",\"rules\":[],\"key\":\"3cdc51ea-c750-4c0c-96c6-0f5e8a1f9432\"},{\"name\":\"content\",\"value\":\"\",\"label\":\"帖子内容\",\"placeholder\":\"\",\"type\":\"column\",\"default_value\":\"基于 Hexo + GitHub Pages 搭建个人博客\",\"rules\":[],\"key\":\"b457fd79-4490-444a-8192-e04bbf53320e\"},{\"name\":\"sender\",\"value\":\"\",\"label\":\"发表人\",\"placeholder\":\"\",\"type\":\"column\",\"default_value\":\"20180323\",\"rules\":[],\"key\":\"9a2c7797-ded8-4fdc-a5e6-2184644c4c33\"}],\"id\":9,\"scaffold_id\":1,\"name\":\"table\",\"label\":\"表格\",\"desc\":\"列表模版\",\"cate_id\":1,\"template\":\"import React, { PureComponent, Fragment } from \\\"react\\\";\\r\\nimport { connect } from \\\"dva\\\";\\r\\nimport { Link } from \\\"react-router-dom\\\";\\r\\nimport moment from \\\"moment\\\";\\r\\nimport {\\r\\n  Popconfirm,\\r\\n  Row,\\r\\n  Col,\\r\\n  Card,\\r\\n  Form,\\r\\n  Input,\\r\\n  Select,\\r\\n  Icon,\\r\\n  Button,\\r\\n  Dropdown,\\r\\n  Menu,\\r\\n  InputNumber,\\r\\n  DatePicker,\\r\\n  Modal,\\r\\n  message,\\r\\n  Badge,\\r\\n  Divider,\\r\\n  Table\\r\\n} from \\\"antd\\\";\\r\\nimport StandardTable from \\\"../../components/StandardTable\\\";\\r\\nimport PageHeaderLayout from \\\"../../layouts/PageHeaderLayout\\\";\\r\\n\\r\\nconst { Column, ColumnGroup } = Table;\\r\\nconst FormItem = Form.Item;\\r\\nconst { Option } = Select;\\r\\n\\r\\nconst formItemLayout = {\\r\\n  labelCol: {\\r\\n    xs: { span: 24 },\\r\\n    sm: { span: 3 },\\r\\n  },\\r\\n  wrapperCol: {\\r\\n    xs: { span: 24 },\\r\\n    sm: { span: 12 },\\r\\n    md: { span: 10 },\\r\\n  },\\r\\n};\\r\\n\\r\\nconst submitFormLayout = {\\r\\n  wrapperCol: {\\r\\n    xs: { span: 24, offset: 0 },\\r\\n    sm: { span: 10, offset: 3 },\\r\\n  },\\r\\n};\\r\\n\\r\\nconst formItemLayoutFull = {\\r\\n  labelCol: {\\r\\n    xs: { span: 24 },\\r\\n    sm: { span: 3 },\\r\\n    sm: { span: 3 },\\r\\n  },\\r\\n  wrapperCol: {\\r\\n    xs: { span: 24 },\\r\\n    sm: { span: 21 },\\r\\n    md: { span: 21 },\\r\\n  },\\r\\n};\\r\\n\\r\\n\\r\\n@connect(({ common, loading }) => ({\\r\\n  common,\\r\\n  // loading: loading.models.common,\\r\\n  loading: common.loading,\\r\\n}))\\r\\n@Form.create()\\r\\nexport default class List extends PureComponent {\\r\\n  state = {\\r\\n\\r\\n    selectedRows: [],\\r\\n    formValues: {},\\r\\n  };\\r\\n\\r\\n  constructor(props){\\r\\n    super(props);\\r\\n   \\r\\n  }\\r\\n\\r\\n  componentDidMount() {\\r\\n    const { dispatch } = this.props;\\r\\n    dispatch({\\r\\n      type: \'common/list\',\\r\\n    });\\r\\n  }\\r\\n\\r\\n  handleStandardTableChange = (pagination, filtersArg, sorter) => {\\r\\n    const { dispatch } = this.props;\\r\\n    const { formValues } = this.state;\\r\\n\\r\\n    const filters = Object.keys(filtersArg).reduce((obj, key) => {\\r\\n      const newObj = { ...obj };\\r\\n      return newObj;\\r\\n    }, {});\\r\\n\\r\\n    const params = {\\r\\n      currentPage: pagination.current,\\r\\n      pageSize: pagination.pageSize,\\r\\n      ...formValues,\\r\\n      ...filters,\\r\\n    };\\r\\n    if (sorter.field) {\\r\\n      params.sorter = `${sorter.field}_${sorter.order}`;\\r\\n    }\\r\\n\\r\\n    dispatch({\\r\\n      type: \'common/list\',\\r\\n      payload: params,\\r\\n    });\\r\\n  }\\r\\n\\r\\n  handleFormReset = () => {\\r\\n    const { form, dispatch } = this.props;\\r\\n    form.resetFields();\\r\\n    this.setState({\\r\\n      formValues: {},\\r\\n    });\\r\\n    dispatch({\\r\\n      type: \'common/list\',\\r\\n      payload: {},\\r\\n    });\\r\\n  }\\r\\n\\r\\n  deleteSelectRows = (e) => {\\r\\n    const { dispatch } = this.props;\\r\\n    const { selectedRows } = this.state;\\r\\n\\r\\n    if (!selectedRows) return;\\r\\n\\r\\n    dispatch({\\r\\n      type: \'common/remove\',\\r\\n      payload: {\\r\\n        id: selectedRows.map(row => row.id),\\r\\n      },\\r\\n      callback: () => {\\r\\n        this.setState({\\r\\n          selectedRows: [],\\r\\n        });\\r\\n      },\\r\\n    });\\r\\n  }\\r\\n\\r\\n  handleSelectRows = (rows) => {\\r\\n    this.setState({\\r\\n      selectedRows: rows,\\r\\n    });\\r\\n  }\\r\\n\\r\\n  handleSearch = (e) => {\\r\\n    e.preventDefault();\\r\\n\\r\\n    const { dispatch, form } = this.props;\\r\\n\\r\\n    form.commonateFields((err, fieldsValue) => {\\r\\n      if (err) return;\\r\\n\\r\\n      const values = {\\r\\n        ...fieldsValue,\\r\\n        updatedAt: fieldsValue.updatedAt && fieldsValue.updatedAt.valueOf(),\\r\\n      };\\r\\n\\r\\n      this.setState({\\r\\n        formValues: values,\\r\\n      });\\r\\n\\r\\n      dispatch({\\r\\n        type: \'common/list\',\\r\\n        payload: values,\\r\\n      });\\r\\n    });\\r\\n  }\\r\\n\\r\\n  onDelete = (item, index) => {\\r\\n    const {dispatch} = this.props;\\r\\n    dispatch({\\r\\n      type: \'common/remove\',\\r\\n      payload: {\\r\\n        id: [item.id],\\r\\n      },\\r\\n      callback: () => {\\r\\n        message.success(\'删除成功\');\\r\\n      },\\r\\n    });\\r\\n  }\\r\\n\\r\\n\\r\\n  renderSimpleForm() {\\r\\n    const { getFieldDecorator } = this.props.form;\\r\\n    return (\\r\\n      <Form onSubmit={this.handleSearch} layout=\\\"inline\\\">\\r\\n        <Row gutter={{ md: 8, lg: 24, xl: 48 }}>\\r\\n          <Col md={8} sm={24}>\\r\\n            <FormItem label=\\\"名称\\\">\\r\\n              {getFieldDecorator(\'name\')(\\r\\n                <Input placeholder=\\\"请输入\\\" />\\r\\n              )}\\r\\n            </FormItem>\\r\\n          </Col>\\r\\n          <Col md={8} sm={24}>\\r\\n            <span>\\r\\n              <Button type=\\\"primary\\\" htmlType=\\\"submit\\\">查询</Button>\\r\\n              <Button style={{ marginLeft: 8 }} onClick={this.handleFormReset}>重置</Button>\\r\\n            </span>\\r\\n          </Col>\\r\\n        </Row>\\r\\n      </Form>\\r\\n    );\\r\\n  }\\r\\n\\r\\n  renderForm() {\\r\\n    return this.renderSimpleForm();\\r\\n  }\\r\\n\\r\\n  render() {\\r\\n    // console.log(this.props, \'this.props\')\\r\\n    const { common: { data }, loading } = this.props;\\r\\n    const { getFieldDecorator, getFieldValue } = this.props.form;\\r\\n    const { selectedRows, modalVisible } = this.state;\\r\\n    const columns = this.columns;\\r\\n\\r\\n    return (\\r\\n      <PageHeaderLayout title=\\\"<$ pageData.title $>\\\" content=\\\"<$ pageData.desc $>\\\">\\r\\n        <Card bordered={false}>\\r\\n          <div>\\r\\n            <$ renderComponentAll() $>\\r\\n            <div>\\r\\n              {this.renderForm()}\\r\\n            </div>\\r\\n            <div>\\r\\n              <Link to=\\\"/common/add/0\\\">\\r\\n                <Button icon=\\\"plus\\\" type=\\\"primary\\\">\\r\\n                  新建\\r\\n                </Button>\\r\\n              </Link>\\r\\n              {\\r\\n                selectedRows.length > 0 && (\\r\\n                  <span>\\r\\n                    <Button onClick={this.deleteSelectRows}>批量删除</Button>\\r\\n                  </span>\\r\\n                )\\r\\n              }\\r\\n            </div>\\t\\r\\n            \\r\\n              \\r\\n             <Table dataSource={data.list}>\\r\\n\\r\\n                   <$ renderCustomTemplate() $>\\r\\n                  <Column\\r\\n                    title=\\\"Action\\\"\\r\\n                    key=\\\"action\\\"\\r\\n                    render={(text, record) => (\\r\\n                      <span>\\r\\n                        <a href=\\\"#\\\">Action 一 {record.name}</a>\\r\\n                        <Divider type=\\\"vertical\\\" />\\r\\n                        <a href=\\\"#\\\">Delete</a>\\r\\n                        <Divider type=\\\"vertical\\\" />\\r\\n                        <a href=\\\"#\\\" className=\\\"ant-dropdown-link\\\">\\r\\n                          More actions <Icon type=\\\"down\\\" />\\r\\n                        </a>\\r\\n                      </span>\\r\\n                    )}\\r\\n                  />\\r\\n            </Table>\\r\\n      \\r\\n          </div>\\r\\n        </Card>\\r\\n      </PageHeaderLayout>\\r\\n    );\\r\\n  }\\r\\n}\\r\\n\",\"user_id\":1,\"created_at\":\"2018-03-02 01:09:58\",\"updated_at\":\"2018-03-22 16:07:23\",\"scaffold\":{\"id\":1,\"name\":\"genScaffoldAntd\",\"label\":\"ant-design pro\",\"desc\":\"ant-design pro\",\"file\":null,\"router_file_path\":\"/src/common/router.template.js\",\"router_template\":\"export default function getGenRouterData(app, dynamicWrapper){\\n  const routerData = {\\n    \'/\': {\\n      component: dynamicWrapper(app, [\'user\', \'login\'], () => import(\'../layouts/BasicLayout\')),\\n    },\\n    \'/app/list\': {\\n      component: dynamicWrapper(app, [\'app\', \'preview\'], () => import(\'../routes/App/List\')),\\n    },\\n    \'/app/add/:id\': {\\n      component: dynamicWrapper(app, [\'app\', \'interApp\', \'scaffold\', \'layout\', \'preview\'], () => import(\'../routes/App/Add\')),\\n    },\\n    \'/inter/list\': {\\n      component: dynamicWrapper(app, [\'inter\'], () => import(\'../routes/Inter/List\')),\\n    },\\n    \'/inter/add/:id\': {\\n      component: dynamicWrapper(app, [\'inter\', \'interApp\'], () => import(\'../routes/Inter/Add\')),\\n    },\\n    \'/scaffold/list\': {\\n      component: dynamicWrapper(app, [\'scaffold\'], () => import(\'../routes/Scaffold/List\')),\\n    },\\n    \'/scaffold/add/:id\': {\\n      component: dynamicWrapper(app, [\'scaffold\'], () => import(\'../routes/Scaffold/Add\')),\\n    },\\n    \'/layout/list\': {\\n      component: dynamicWrapper(app, [\'layout\', \'scaffold\'], () => import(\'../routes/Layout/List\')),\\n    },\\n    \'/layout/add/:id\': {\\n      component: dynamicWrapper(app, [\'layout\'], () => import(\'../routes/Layout/Add\')),\\n    },\\n    \'/page/list\': {\\n      component: dynamicWrapper(app, [\'page\', \'preview\'], () => import(\'../routes/Page/List\')),\\n    },\\n    \'/page/add/:app_id/:id/:pid\': {\\n      component: dynamicWrapper(app, [\'app\', \'page\', \'template\', \'component\', \'valid\', \'inter\', \'preview\'], () => import(\'../routes/Page/Add\')),\\n    },\\n    \'/template/list\': {\\n      component: dynamicWrapper(app, [\'template\'], () => import(\'../routes/Template/List\')),\\n    },\\n    \'/template/add/:id\': {\\n      component: dynamicWrapper(app, [\'template\', \'scaffold\'], () => import(\'../routes/Template/Add\')),\\n    },\\n    \'/component/list\': {\\n      component: dynamicWrapper(app, [\'component\', \'template\'], () => import(\'../routes/Component/List\')),\\n    },\\n    \'/component/add/:id\': {\\n      component: dynamicWrapper(app, [\'component\'], () => import(\'../routes/Component/Add\')),\\n    },\\n    \'/valid/list\': {\\n      component: dynamicWrapper(app, [\'valid\'], () => import(\'../routes/Valid/List\')),\\n    },\\n    \'/valid/add/:id\': {\\n      component: dynamicWrapper(app, [\'valid\'], () => import(\'../routes/Valid/Add\')),\\n    },\\n    \'/preview/preview\': {\\n      component: dynamicWrapper(app, [\'valid\'], () => import(\'../routes/Preview/Preview\')),\\n    },\\n    \'/exception/403\': {\\n      component: dynamicWrapper(app, [], () => import(\'../routes/Exception/403\')),\\n    },\\n    \'/exception/404\': {\\n      component: dynamicWrapper(app, [], () => import(\'../routes/Exception/404\')),\\n    },\\n    \'/exception/500\': {\\n      component: dynamicWrapper(app, [], () => import(\'../routes/Exception/500\')),\\n    },\\n    \'/exception/trigger\': {\\n      component: dynamicWrapper(app, [\'error\'], () => import(\'../routes/Exception/triggerException\')),\\n    },\\n    \'/user\': {\\n      component: dynamicWrapper(app, [], () => import(\'../layouts/UserLayout\')),\\n    },\\n    \'/user/login\': {\\n      component: dynamicWrapper(app, [\'login\'], () => import(\'../routes/User/Login\')),\\n    },\\n    \'/user/register\': {\\n      component: dynamicWrapper(app, [\'register\'], () => import(\'../routes/User/Register\')),\\n    },\\n    \'/user/register-result\': {\\n      component: dynamicWrapper(app, [], () => import(\'../routes/User/RegisterResult\')),\\n    },\\n    <% for item in routerData %>\\n      \'<$ item.path $>\': {\\n        component: dynamicWrapper(app, [], () => import(\'<$ item.filePath $>\')),\\n      },\\n    <% endfor %>\\n  };\\n\\n  return routerData;\\n}\\n\",\"menu_file_path\":\"/src/common/menu.template.js\",\"menu_template\":\"\\nexport default function getGenMenuData(app){\\n  const menuData = [\\n    <% for item in menuData %>\\n    {\\n      name: \'<$ item.label $>\',\\n      icon: \'dashboard\',\\n      path: \'<$ item.path $>\',\\n      children: [\\n        <% for subItem in item.children %>\\n  \",\"page_dir\":\"/src/routes\",\"store_dir\":\"/src/models\",\"user_id\":1,\"created_at\":\"2018-03-02 12:08:05\",\"updated_at\":\"2018-03-10 22:51:21\"},\"extra_field\":[]}', '0', '2018-03-23 10:50:46', '2018-03-23 10:50:46');
INSERT INTO `page_template` VALUES ('83', '22', '13', '0', '{\"fields\":[{\"name\":\"id\",\"value\":\"\",\"label\":\"帖子ID\",\"placeholder\":\"\",\"type\":\"input\",\"default_value\":\"2\",\"rules\":[],\"key\":\"ca59b675-abdb-4c30-8a00-9bce2b62296b\"},{\"name\":\"title\",\"value\":\"\",\"label\":\"帖子标题\",\"placeholder\":\"\",\"type\":\"input\",\"default_value\":\"基于 Hexo + GitHub Pages 搭建个人博客\",\"rules\":[],\"key\":\"1cb1c80e-59ff-4d5e-8e50-bf7013932ec3\"},{\"name\":\"content\",\"value\":\"\",\"label\":\"帖子内容\",\"placeholder\":\"\",\"type\":\"textarea\",\"default_value\":\"基于 Hexo + GitHub Pages 搭建个人博客\",\"rules\":[],\"key\":\"8f370f01-52eb-4703-a513-159d1c277a50\"},{\"name\":\"sender\",\"value\":\"\",\"label\":\"发表人\",\"placeholder\":\"\",\"type\":\"select\",\"default_value\":\"20180323\",\"rules\":[],\"key\":\"e6f9899f-8a5e-4c99-b221-1a36856fab67\"}],\"id\":13,\"scaffold_id\":1,\"name\":\"form\",\"label\":\"表单\",\"desc\":\"表单模版\",\"cate_id\":1,\"template\":\"import React, { PureComponent } from \'react\';\\r\\nimport { connect } from \'dva\';\\r\\nimport { routerRedux } from \'dva/router\';\\r\\nimport {\\r\\n  message,\\r\\n  Checkbox,\\r\\n  Form, Input, DatePicker, Select, Button, Card, InputNumber, Radio, Icon, Tooltip,\\r\\n} from \'antd\';\\r\\nimport PageHeaderLayout from \'../../layouts/PageHeaderLayout\';\\r\\n\\r\\nconst FormItem = Form.Item;\\r\\nconst { Option } = Select;\\r\\nconst { RangePicker } = DatePicker;\\r\\nconst { TextArea } = Input;\\r\\n\\r\\n@connect(({ common, loading }) => ({\\r\\n  common: common,\\r\\n  submitting: loading.effects[\'common/add\'],\\r\\n}))\\r\\n@Form.create()\\r\\nexport default class BasicForms extends PureComponent {\\r\\n  componentDidMount(){\\r\\n    let id = 123;\\r\\n    if(id != 0){\\r\\n      this.props.dispatch({\\r\\n        type: \'common/info\',\\r\\n        payload: {\\r\\n          id: id,\\r\\n        },\\r\\n      });\\r\\n    }\\r\\n  }\\r\\n  handleSubmit = (e) => {\\r\\n    e.preventDefault();\\r\\n    this.props.form.commonateFieldsAndScroll((err, values) => {\\r\\n      if (!err) {\\r\\n        this.props.dispatch({\\r\\n          type: \'common/add\',\\r\\n          payload: values,\\r\\n          callback: () => {\\r\\n            message.success(\'保存成功\');\\r\\n\\r\\n            this.props.dispatch(routerRedux.push(\'/common/list\'));\\r\\n          }\\r\\n        });\\r\\n      }\\r\\n    });\\r\\n  }\\r\\n\\r\\n  <% for btn in pageTemplateData.customBtns %>\\r\\n    <$ btn.key + \'BeforeHandle\' $> = (e) => {\\r\\n      <$ btn.before $>\\r\\n    }\\r\\n    <$ btn.key + \'Handle\' $> = (e) => {\\r\\n      if(!this.<$ btn.key + \'BeforeHandle()\' $>) return ;\\r\\n\\r\\n      <$ btn.cb $>\\r\\n\\r\\n      this.<$ btn.key + \'AfterHandle();\' $>\\r\\n    }\\r\\n    <$ btn.key + \'AfterHandle\' $> = (e) => {\\r\\n      <$ btn.after $>\\r\\n    }\\r\\n  <% endfor %>\\r\\n\\r\\n  render() {\\r\\n    const { common: {info}, submitting } = this.props;\\r\\n    const { getFieldDecorator, getFieldValue } = this.props.form;\\r\\n\\r\\n    const formItemLayout = {\\r\\n      labelCol: {\\r\\n        xs: { span: 24 },\\r\\n        sm: { span: 7 },\\r\\n      },\\r\\n      wrapperCol: {\\r\\n        xs: { span: 24 },\\r\\n        sm: { span: 12 },\\r\\n        md: { span: 10 },\\r\\n      },\\r\\n    };\\r\\n\\r\\n    const submitFormLayout = {\\r\\n      wrapperCol: {\\r\\n        xs: { span: 24, offset: 0 },\\r\\n        sm: { span: 10, offset: 7 },\\r\\n      },\\r\\n    };\\r\\n\\r\\n    return (\\r\\n<PageHeaderLayout title=\\\"<$ pageData.title $>\\\" content=\\\"<$ pageData.desc $>\\\">\\r\\n  <Card bordered={false}>\\r\\n    <Form\\r\\n      onSubmit={this.handleSubmit}\\r\\n      hideRequiredMark\\r\\n      style={{ marginTop: 8 }}\\r\\n    >\\r\\n\\t    <div>额外字段： label: <$ pageData.extraFieldMap.confirm.label $> name: <$ pageData.extraFieldMap.confirm.name $></div>\\r\\n      <$ renderComponentAll() $>\\r\\n      <$ renderCustomTemplate() $>\\r\\n\\r\\n      <FormItem {...submitFormLayout} style={{ marginTop: 32 }}>\\r\\n        <Button type=\\\"primary\\\" htmlType=\\\"submit\\\" loading={submitting}>\\r\\n          保存\\r\\n        </Button>\\r\\n        <Button type=\\\"primary\\\" htmlType=\\\"submit\\\" loading={submitting} style={{marginLeft: 6}}>\\r\\n          取消\\r\\n        </Button>\\r\\n        <% for btn in pageTemplateData.customBtns %>\\r\\n          <Button type=\\\"reset\\\" onClick={<$ \'this.\' + btn.key + \'Handle\' $>} htmlType=\\\"submit\\\" loading={submitting}>\\r\\n            <$ btn.text $>\\r\\n          </Button>\\r\\n        <% endfor %>\\r\\n      </FormItem>\\r\\n    </Form>\\r\\n  </Card>\\r\\n</PageHeaderLayout>\\r\\n    );\\r\\n  }\\r\\n}\\r\\n\",\"user_id\":1,\"created_at\":\"2018-03-04 13:34:54\",\"updated_at\":\"2018-03-22 15:09:24\",\"scaffold\":{\"id\":1,\"name\":\"genScaffoldAntd\",\"label\":\"ant-design pro\",\"desc\":\"ant-design pro\",\"file\":null,\"router_file_path\":\"/src/common/router.template.js\",\"router_template\":\"export default function getGenRouterData(app, dynamicWrapper){\\n  const routerData = {\\n    \'/\': {\\n      component: dynamicWrapper(app, [\'user\', \'login\'], () => import(\'../layouts/BasicLayout\')),\\n    },\\n    \'/app/list\': {\\n      component: dynamicWrapper(app, [\'app\', \'preview\'], () => import(\'../routes/App/List\')),\\n    },\\n    \'/app/add/:id\': {\\n      component: dynamicWrapper(app, [\'app\', \'interApp\', \'scaffold\', \'layout\', \'preview\'], () => import(\'../routes/App/Add\')),\\n    },\\n    \'/inter/list\': {\\n      component: dynamicWrapper(app, [\'inter\'], () => import(\'../routes/Inter/List\')),\\n    },\\n    \'/inter/add/:id\': {\\n      component: dynamicWrapper(app, [\'inter\', \'interApp\'], () => import(\'../routes/Inter/Add\')),\\n    },\\n    \'/scaffold/list\': {\\n      component: dynamicWrapper(app, [\'scaffold\'], () => import(\'../routes/Scaffold/List\')),\\n    },\\n    \'/scaffold/add/:id\': {\\n      component: dynamicWrapper(app, [\'scaffold\'], () => import(\'../routes/Scaffold/Add\')),\\n    },\\n    \'/layout/list\': {\\n      component: dynamicWrapper(app, [\'layout\', \'scaffold\'], () => import(\'../routes/Layout/List\')),\\n    },\\n    \'/layout/add/:id\': {\\n      component: dynamicWrapper(app, [\'layout\'], () => import(\'../routes/Layout/Add\')),\\n    },\\n    \'/page/list\': {\\n      component: dynamicWrapper(app, [\'page\', \'preview\'], () => import(\'../routes/Page/List\')),\\n    },\\n    \'/page/add/:app_id/:id/:pid\': {\\n      component: dynamicWrapper(app, [\'app\', \'page\', \'template\', \'component\', \'valid\', \'inter\', \'preview\'], () => import(\'../routes/Page/Add\')),\\n    },\\n    \'/template/list\': {\\n      component: dynamicWrapper(app, [\'template\'], () => import(\'../routes/Template/List\')),\\n    },\\n    \'/template/add/:id\': {\\n      component: dynamicWrapper(app, [\'template\', \'scaffold\'], () => import(\'../routes/Template/Add\')),\\n    },\\n    \'/component/list\': {\\n      component: dynamicWrapper(app, [\'component\', \'template\'], () => import(\'../routes/Component/List\')),\\n    },\\n    \'/component/add/:id\': {\\n      component: dynamicWrapper(app, [\'component\'], () => import(\'../routes/Component/Add\')),\\n    },\\n    \'/valid/list\': {\\n      component: dynamicWrapper(app, [\'valid\'], () => import(\'../routes/Valid/List\')),\\n    },\\n    \'/valid/add/:id\': {\\n      component: dynamicWrapper(app, [\'valid\'], () => import(\'../routes/Valid/Add\')),\\n    },\\n    \'/preview/preview\': {\\n      component: dynamicWrapper(app, [\'valid\'], () => import(\'../routes/Preview/Preview\')),\\n    },\\n    \'/exception/403\': {\\n      component: dynamicWrapper(app, [], () => import(\'../routes/Exception/403\')),\\n    },\\n    \'/exception/404\': {\\n      component: dynamicWrapper(app, [], () => import(\'../routes/Exception/404\')),\\n    },\\n    \'/exception/500\': {\\n      component: dynamicWrapper(app, [], () => import(\'../routes/Exception/500\')),\\n    },\\n    \'/exception/trigger\': {\\n      component: dynamicWrapper(app, [\'error\'], () => import(\'../routes/Exception/triggerException\')),\\n    },\\n    \'/user\': {\\n      component: dynamicWrapper(app, [], () => import(\'../layouts/UserLayout\')),\\n    },\\n    \'/user/login\': {\\n      component: dynamicWrapper(app, [\'login\'], () => import(\'../routes/User/Login\')),\\n    },\\n    \'/user/register\': {\\n      component: dynamicWrapper(app, [\'register\'], () => import(\'../routes/User/Register\')),\\n    },\\n    \'/user/register-result\': {\\n      component: dynamicWrapper(app, [], () => import(\'../routes/User/RegisterResult\')),\\n    },\\n    <% for item in routerData %>\\n      \'<$ item.path $>\': {\\n        component: dynamicWrapper(app, [], () => import(\'<$ item.filePath $>\')),\\n      },\\n    <% endfor %>\\n  };\\n\\n  return routerData;\\n}\\n\",\"menu_file_path\":\"/src/common/menu.template.js\",\"menu_template\":\"\\nexport default function getGenMenuData(app){\\n  const menuData = [\\n    <% for item in menuData %>\\n    {\\n      name: \'<$ item.label $>\',\\n      icon: \'dashboard\',\\n      path: \'<$ item.path $>\',\\n      children: [\\n        <% for subItem in item.children %>\\n  \",\"page_dir\":\"/src/routes\",\"store_dir\":\"/src/models\",\"user_id\":1,\"created_at\":\"2018-03-02 12:08:05\",\"updated_at\":\"2018-03-10 22:51:21\"},\"extra_field\":[{\"id\":42,\"template_id\":13,\"name\":\"confirm\",\"label\":\"确认\",\"desc\":\"t\",\"type\":\"textarea\",\"options\":null,\"default_value\":\"\",\"sort\":\"0\",\"created_at\":\"2018-03-20 01:35:15\",\"updated_at\":\"2018-03-20 01:35:15\",\"key\":\"5004e14d-e4d7-475c-86bf-8144170e7a35\"},{\"id\":43,\"template_id\":13,\"name\":\"qq\",\"label\":\"qq\",\"desc\":\"qq\",\"type\":\"1\",\"options\":\"[]\",\"default_value\":\"qq\",\"sort\":\"1\",\"created_at\":\"2018-03-20 01:35:15\",\"updated_at\":\"2018-03-20 01:35:15\",\"key\":\"936e1662-f855-4ecd-93cf-747ddf3b7904\"},{\"id\":44,\"template_id\":13,\"name\":\"uu\",\"label\":\"uu\",\"desc\":\"u\",\"type\":\"1\",\"options\":\"[]\",\"default_value\":\"uu\",\"sort\":\"2\",\"created_at\":\"2018-03-20 01:35:15\",\"updated_at\":\"2018-03-20 01:35:15\",\"key\":\"e9f4a121-03d9-4b8a-af7b-32c9d19205c4\"}]}', '0', '2018-03-23 11:15:53', '2018-03-23 11:15:53');

-- ----------------------------
-- Table structure for scaffold
-- ----------------------------
DROP TABLE IF EXISTS `scaffold`;
CREATE TABLE `scaffold` (
  `id` int(11) NOT NULL AUTO_INCREMENT,
  `name` varchar(255) DEFAULT NULL,
  `label` varchar(255) DEFAULT NULL,
  `desc` varchar(255) DEFAULT NULL,
  `file` varchar(255) DEFAULT NULL,
  `router_file_path` varchar(255) DEFAULT NULL,
  `router_template` text,
  `menu_file_path` varchar(255) DEFAULT NULL,
  `menu_template` varchar(255) DEFAULT NULL,
  `page_dir` varchar(255) DEFAULT NULL,
  `store_dir` varchar(255) DEFAULT NULL,
  `user_id` int(11) DEFAULT NULL,
  `created_at` datetime NOT NULL,
  `updated_at` datetime NOT NULL,
  PRIMARY KEY (`id`)
) ENGINE=InnoDB AUTO_INCREMENT=5 DEFAULT CHARSET=utf8;

-- ----------------------------
-- Records of scaffold
-- ----------------------------
INSERT INTO `scaffold` VALUES ('1', 'genScaffoldAntd', 'ant-design pro', 'ant-design pro', null, '/src/common/router.template.js', 'export default function getGenRouterData(app, dynamicWrapper){\n  const routerData = {\n    \'/\': {\n      component: dynamicWrapper(app, [\'user\', \'login\'], () => import(\'../layouts/BasicLayout\')),\n    },\n    \'/app/list\': {\n      component: dynamicWrapper(app, [\'app\', \'preview\'], () => import(\'../routes/App/List\')),\n    },\n    \'/app/add/:id\': {\n      component: dynamicWrapper(app, [\'app\', \'interApp\', \'scaffold\', \'layout\', \'preview\'], () => import(\'../routes/App/Add\')),\n    },\n    \'/inter/list\': {\n      component: dynamicWrapper(app, [\'inter\'], () => import(\'../routes/Inter/List\')),\n    },\n    \'/inter/add/:id\': {\n      component: dynamicWrapper(app, [\'inter\', \'interApp\'], () => import(\'../routes/Inter/Add\')),\n    },\n    \'/scaffold/list\': {\n      component: dynamicWrapper(app, [\'scaffold\'], () => import(\'../routes/Scaffold/List\')),\n    },\n    \'/scaffold/add/:id\': {\n      component: dynamicWrapper(app, [\'scaffold\'], () => import(\'../routes/Scaffold/Add\')),\n    },\n    \'/layout/list\': {\n      component: dynamicWrapper(app, [\'layout\', \'scaffold\'], () => import(\'../routes/Layout/List\')),\n    },\n    \'/layout/add/:id\': {\n      component: dynamicWrapper(app, [\'layout\'], () => import(\'../routes/Layout/Add\')),\n    },\n    \'/page/list\': {\n      component: dynamicWrapper(app, [\'page\', \'preview\'], () => import(\'../routes/Page/List\')),\n    },\n    \'/page/add/:app_id/:id/:pid\': {\n      component: dynamicWrapper(app, [\'app\', \'page\', \'template\', \'component\', \'valid\', \'inter\', \'preview\'], () => import(\'../routes/Page/Add\')),\n    },\n    \'/template/list\': {\n      component: dynamicWrapper(app, [\'template\'], () => import(\'../routes/Template/List\')),\n    },\n    \'/template/add/:id\': {\n      component: dynamicWrapper(app, [\'template\', \'scaffold\'], () => import(\'../routes/Template/Add\')),\n    },\n    \'/component/list\': {\n      component: dynamicWrapper(app, [\'component\', \'template\'], () => import(\'../routes/Component/List\')),\n    },\n    \'/component/add/:id\': {\n      component: dynamicWrapper(app, [\'component\'], () => import(\'../routes/Component/Add\')),\n    },\n    \'/valid/list\': {\n      component: dynamicWrapper(app, [\'valid\'], () => import(\'../routes/Valid/List\')),\n    },\n    \'/valid/add/:id\': {\n      component: dynamicWrapper(app, [\'valid\'], () => import(\'../routes/Valid/Add\')),\n    },\n    \'/preview/preview\': {\n      component: dynamicWrapper(app, [\'valid\'], () => import(\'../routes/Preview/Preview\')),\n    },\n    \'/exception/403\': {\n      component: dynamicWrapper(app, [], () => import(\'../routes/Exception/403\')),\n    },\n    \'/exception/404\': {\n      component: dynamicWrapper(app, [], () => import(\'../routes/Exception/404\')),\n    },\n    \'/exception/500\': {\n      component: dynamicWrapper(app, [], () => import(\'../routes/Exception/500\')),\n    },\n    \'/exception/trigger\': {\n      component: dynamicWrapper(app, [\'error\'], () => import(\'../routes/Exception/triggerException\')),\n    },\n    \'/user\': {\n      component: dynamicWrapper(app, [], () => import(\'../layouts/UserLayout\')),\n    },\n    \'/user/login\': {\n      component: dynamicWrapper(app, [\'login\'], () => import(\'../routes/User/Login\')),\n    },\n    \'/user/register\': {\n      component: dynamicWrapper(app, [\'register\'], () => import(\'../routes/User/Register\')),\n    },\n    \'/user/register-result\': {\n      component: dynamicWrapper(app, [], () => import(\'../routes/User/RegisterResult\')),\n    },\n    <% for item in routerData %>\n      \'<$ item.path $>\': {\n        component: dynamicWrapper(app, [], () => import(\'<$ item.filePath $>\')),\n      },\n    <% endfor %>\n  };\n\n  return routerData;\n}\n', '/src/common/menu.template.js', '\nexport default function getGenMenuData(app){\n  const menuData = [\n    <% for item in menuData %>\n    {\n      name: \'<$ item.label $>\',\n      icon: \'dashboard\',\n      path: \'<$ item.path $>\',\n      children: [\n        <% for subItem in item.children %>\n  ', '/src/routes', '/src/models', '1', '2018-03-02 12:08:05', '2018-03-10 22:51:21');

-- ----------------------------
-- Table structure for template
-- ----------------------------
DROP TABLE IF EXISTS `template`;
CREATE TABLE `template` (
  `id` int(11) NOT NULL AUTO_INCREMENT,
  `scaffold_id` int(11) DEFAULT NULL,
  `name` varchar(255) DEFAULT NULL,
  `label` varchar(255) DEFAULT NULL,
  `desc` varchar(255) DEFAULT NULL,
  `cate_id` int(11) DEFAULT NULL,
  `template` text,
  `user_id` int(11) DEFAULT NULL,
  `created_at` datetime NOT NULL,
  `updated_at` datetime NOT NULL,
  PRIMARY KEY (`id`)
) ENGINE=MyISAM AUTO_INCREMENT=15 DEFAULT CHARSET=utf8;

-- ----------------------------
-- Records of template
-- ----------------------------
INSERT INTO `template` VALUES ('9', '1', 'table', '表格', '列表模版', '1', 'table import React, { PureComponent, Fragment } from \"react\";\nimport { connect } from \"dva\";\nimport { Link } from \"react-router-dom\";\nimport moment from \"moment\";\nimport {\n  Popconfirm,\n  Row,\n  Col,\n  Card,\n  Form,\n  Input,\n  Select,\n  Icon,\n  Button,\n  Dropdown,\n  Menu,\n  InputNumber,\n  DatePicker,\n  Modal,\n  message,\n  Badge,\n  Divider,\n  Table\n} from \"antd\";\nimport StandardTable from \"../../components/StandardTable\";\nimport PageHeaderLayout from \"../../layouts/PageHeaderLayout\";\n\nconst { Column, ColumnGroup } = Table;\nconst FormItem = Form.Item;\nconst { Option } = Select;\nconst { TextArea } = Input;\n\nconst formItemLayout = {\n  labelCol: {\n    xs: { span: 24 },\n    sm: { span: 3 },\n  },\n  wrapperCol: {\n    xs: { span: 24 },\n    sm: { span: 12 },\n    md: { span: 10 },\n  },\n};\n\nconst submitFormLayout = {\n  wrapperCol: {\n    xs: { span: 24, offset: 0 },\n    sm: { span: 10, offset: 3 },\n  },\n};\n\nconst formItemLayoutFull = {\n  labelCol: {\n    xs: { span: 24 },\n    sm: { span: 3 },\n    sm: { span: 3 },\n  },\n  wrapperCol: {\n    xs: { span: 24 },\n    sm: { span: 21 },\n    md: { span: 21 },\n  },\n};\n\n\n@connect(({ common, loading }) => ({\n  common,\n  // loading: loading.models.common,\n  loading: common.loading,\n}))\n@Form.create()\nexport default class List extends PureComponent {\n  state = {\n\n    selectedRows: [],\n    formValues: {},\n  };\n\n  constructor(props){\n    super(props);\n   \n  }\n\n  componentDidMount() {\n    const { dispatch } = this.props;\n    dispatch({\n      type: \'common/list\',\n    });\n  }\n\n  handleStandardTableChange = (pagination, filtersArg, sorter) => {\n    const { dispatch } = this.props;\n    const { formValues } = this.state;\n\n    const filters = Object.keys(filtersArg).reduce((obj, key) => {\n      const newObj = { ...obj };\n      return newObj;\n    }, {});\n\n    const params = {\n      currentPage: pagination.current,\n      pageSize: pagination.pageSize,\n      ...formValues,\n      ...filters,\n    };\n    if (sorter.field) {\n      params.sorter = `${sorter.field}_${sorter.order}`;\n    }\n\n    dispatch({\n      type: \'common/list\',\n      payload: params,\n    });\n  }\n\n  handleFormReset = () => {\n    const { form, dispatch } = this.props;\n    form.resetFields();\n    this.setState({\n      formValues: {},\n    });\n    dispatch({\n      type: \'common/list\',\n      payload: {},\n    });\n  }\n\n  deleteSelectRows = (e) => {\n    const { dispatch } = this.props;\n    const { selectedRows } = this.state;\n\n    if (!selectedRows) return;\n\n    dispatch({\n      type: \'common/remove\',\n      payload: {\n        id: selectedRows.map(row => row.id),\n      },\n      callback: () => {\n        this.setState({\n          selectedRows: [],\n        });\n      },\n    });\n  }\n\n  handleSelectRows = (rows) => {\n    this.setState({\n      selectedRows: rows,\n    });\n  }\n\n  handleSearch = (e) => {\n    e.preventDefault();\n\n    const { dispatch, form } = this.props;\n\n    form.validateFields((err, fieldsValue) => {\n      if (err) return;\n\n      const values = {\n        ...fieldsValue,\n        updatedAt: fieldsValue.updatedAt && fieldsValue.updatedAt.valueOf(),\n      };\n\n      this.setState({\n        formValues: values,\n      });\n\n      dispatch({\n        type: \'common/list\',\n        payload: values,\n      });\n    });\n  }\n\n  onDelete = (item, index) => {\n    const {dispatch} = this.props;\n    dispatch({\n      type: \'common/remove\',\n      payload: {\n        id: [item.id],\n      },\n      callback: () => {\n        message.success(\'删除成功\');\n      },\n    });\n  }\n\n\n  renderSimpleForm() {\n    const { getFieldDecorator } = this.props.form;\n    return (\n      <Form onSubmit={this.handleSearch} layout=\"inline\">\n        <Row gutter={{ md: 8, lg: 24, xl: 48 }}>\n          <Col md={8} sm={24}>\n            <FormItem label=\"名称\">\n              {getFieldDecorator(\'name\')(\n                <Input placeholder=\"请输入\" />\n              )}\n            </FormItem>\n          </Col>\n          <Col md={8} sm={24}>\n            <span>\n              <Button type=\"primary\" htmlType=\"submit\">查询</Button>\n              <Button style={{ marginLeft: 8 }} onClick={this.handleFormReset}>重置</Button>\n            </span>\n          </Col>\n        </Row>\n      </Form>\n    );\n  }\n\n  renderForm() {\n    return this.renderSimpleForm();\n  }\n\n  render() {\n    // console.log(this.props, \'this.props\')\n    const { common: { data }, loading } = this.props;\n    const { getFieldDecorator, getFieldValue } = this.props.form;\n    const { selectedRows, modalVisible } = this.state;\n    const columns = this.columns;\n\n    return (\n      <PageHeaderLayout title=\"<$ pageData.title $>\" content=\"<$ pageData.desc $>\">\n        <Card bordered={false}>\n          <div>\n            <$ renderComponentAll() $>\n            <div>\n              {this.renderForm()}\n            </div>\n            <div>\n              <Link to=\"/common/add/0\">\n                <Button icon=\"plus\" type=\"primary\">\n                  新建\n                </Button>\n              </Link>\n              {\n                selectedRows.length > 0 && (\n                  <span>\n                    <Button onClick={this.deleteSelectRows}>批量删除</Button>\n                  </span>\n                )\n              }\n            </div>	\n            \n              \n             <Table dataSource={data.list}>\n\n                   <$ renderCustomTemplate() $>\n                  <Column\n                    title=\"Action\"\n                    key=\"action\"\n                    render={(text, record) => (\n                      <span>\n                        <a href=\"#\">Action 一 {record.name}</a>\n                        <Divider type=\"vertical\" />\n                        <a href=\"#\">Delete</a>\n                        <Divider type=\"vertical\" />\n                        <a href=\"#\" className=\"ant-dropdown-link\">\n                          More actions <Icon type=\"down\" />\n                        </a>\n                      </span>\n                    )}\n                  />\n            </Table>\n      \n          </div>\n        </Card>\n      </PageHeaderLayout>\n    );\n  }\n}\n', '1', '2018-03-02 01:09:58', '2018-03-23 11:03:00');
INSERT INTO `template` VALUES ('13', '1', 'form', '表单', '表单模版', '1', 'import React, { PureComponent } from \'react\';\nimport { connect } from \'dva\';\nimport { routerRedux } from \'dva/router\';\nimport {\n  message,\n  Checkbox,\n  Form, Input, DatePicker, Select, Button, Card, InputNumber, Radio, Icon, Tooltip,\n} from \'antd\';\nimport PageHeaderLayout from \'../../layouts/PageHeaderLayout\';\n\nconst FormItem = Form.Item;\nconst { Option } = Select;\nconst { RangePicker } = DatePicker;\nconst { TextArea } = Input;\n\n@connect(({ common, loading }) => ({\n  common: common,\n  submitting: loading.effects[\'common/add\'],\n}))\n@Form.create()\nexport default class BasicForms extends PureComponent {\n  componentDidMount(){\n    let id = 123;\n    if(id != 0){\n      this.props.dispatch({\n        type: \'common/info\',\n        payload: {\n          id: id,\n        },\n      });\n    }\n  }\n  handleSubmit = (e) => {\n    e.preventDefault();\n    this.props.form.valiateFieldsAndScroll((err, values) => {\n      if (!err) {\n        this.props.dispatch({\n          type: \'common/add\',\n          payload: values,\n          callback: () => {\n            message.success(\'保存成功\');\n\n            this.props.dispatch(routerRedux.push(\'/common/list\'));\n          }\n        });\n      }\n    });\n  }\n\n  <% for btn in pageTemplateData.customBtns %>\n    <$ btn.key + \'BeforeHandle\' $> = (e) => {\n      <$ btn.before $>\n    }\n    <$ btn.key + \'Handle\' $> = (e) => {\n      if(!this.<$ btn.key + \'BeforeHandle()\' $>) return ;\n\n      <$ btn.cb $>\n\n      this.<$ btn.key + \'AfterHandle();\' $>\n    }\n    <$ btn.key + \'AfterHandle\' $> = (e) => {\n      <$ btn.after $>\n    }\n  <% endfor %>\n\n  render() {\n    const { common: {info}, submitting } = this.props;\n    const { getFieldDecorator, getFieldValue } = this.props.form;\n\n    const formItemLayout = {\n      labelCol: {\n        xs: { span: 24 },\n        sm: { span: 7 },\n      },\n      wrapperCol: {\n        xs: { span: 24 },\n        sm: { span: 12 },\n        md: { span: 10 },\n      },\n    };\n\n    const submitFormLayout = {\n      wrapperCol: {\n        xs: { span: 24, offset: 0 },\n        sm: { span: 10, offset: 7 },\n      },\n    };\n\n    return (\n<PageHeaderLayout title=\"<$ pageData.title $>\" content=\"<$ pageData.desc $>\">\n  <Card bordered={false}>\n    <Form\n      onSubmit={this.handleSubmit}\n      hideRequiredMark\n      style={{ marginTop: 8 }}\n    >\n	    <div>额外字段： label: <$ pageData.extraFieldMap.confirm.label $> name: <$ pageData.extraFieldMap.confirm.name $></div>\n      <$ renderComponentAll() $>\n      <$ renderCustomTemplate() $>\n\n      <FormItem {...submitFormLayout} style={{ marginTop: 32 }}>\n        <Button type=\"primary\" htmlType=\"submit\" loading={submitting}>\n          保存\n        </Button>\n        <Button type=\"primary\" htmlType=\"submit\" loading={submitting} style={{marginLeft: 6}}>\n          取消\n        </Button>\n        <% for btn in pageTemplateData.customBtns %>\n          <Button type=\"reset\" onClick={<$ \'this.\' + btn.key + \'Handle\' $>} htmlType=\"submit\" loading={submitting}>\n            <$ btn.text $>\n          </Button>\n        <% endfor %>\n      </FormItem>\n    </Form>\n  </Card>\n</PageHeaderLayout>\n    );\n  }\n}\n', '1', '2018-03-04 13:34:54', '2018-03-23 11:14:50');

-- ----------------------------
-- Table structure for template_cate
-- ----------------------------
DROP TABLE IF EXISTS `template_cate`;
CREATE TABLE `template_cate` (
  `id` int(11) NOT NULL AUTO_INCREMENT,
  `name` int(11) DEFAULT NULL,
  `label` varchar(255) DEFAULT NULL,
  `desc` varchar(255) DEFAULT NULL,
  `updated_at` datetime DEFAULT NULL,
  `created_at` datetime DEFAULT NULL,
  PRIMARY KEY (`id`)
) ENGINE=InnoDB DEFAULT CHARSET=utf8;

-- ----------------------------
-- Records of template_cate
-- ----------------------------

-- ----------------------------
-- Table structure for template_extra_field
-- ----------------------------
DROP TABLE IF EXISTS `template_extra_field`;
CREATE TABLE `template_extra_field` (
  `id` int(11) NOT NULL AUTO_INCREMENT,
  `template_id` int(11) NOT NULL,
  `name` varchar(255) DEFAULT NULL,
  `label` varchar(255) DEFAULT NULL,
  `desc` varchar(255) DEFAULT NULL,
  `type` varchar(255) DEFAULT NULL,
  `options` varchar(255) DEFAULT NULL,
  `default_value` varchar(255) DEFAULT NULL,
  `sort` varchar(255) DEFAULT NULL,
  `created_at` datetime NOT NULL,
  `updated_at` datetime NOT NULL,
  PRIMARY KEY (`id`)
) ENGINE=InnoDB AUTO_INCREMENT=69 DEFAULT CHARSET=utf8;

-- ----------------------------
-- Records of template_extra_field
-- ----------------------------
INSERT INTO `template_extra_field` VALUES ('1', '1', 'title', '标题', '标题', '1', '[]', '标题', '0', '2018-03-04 13:34:54', '2018-03-04 13:34:54');
INSERT INTO `template_extra_field` VALUES ('2', '0', 'desc', '简介', '简介', '1', '[]', '', '1', '2018-03-04 13:34:54', '2018-03-04 13:34:54');
INSERT INTO `template_extra_field` VALUES ('3', '0', 'title', 'title', 'title', '1', '[]', 'title', '0', '2018-03-04 13:56:09', '2018-03-04 13:56:09');
INSERT INTO `template_extra_field` VALUES ('4', '0', 'desc', 'desc', 'desc', '1', '[]', 'desc', '1', '2018-03-04 13:56:09', '2018-03-04 13:56:09');
INSERT INTO `template_extra_field` VALUES ('37', '14', 'label', '标签', '标签', 'select', null, 'test extraField  label标签', '0', '2018-03-14 13:37:40', '2018-03-14 13:37:40');
INSERT INTO `template_extra_field` VALUES ('38', '14', 'name', 'name', 'name', 'textarea', null, 'hellow daycool', '1', '2018-03-14 13:37:40', '2018-03-14 13:37:40');
INSERT INTO `template_extra_field` VALUES ('60', '9', 'confirm', '确认', 't', 'textarea', null, '', '0', '2018-03-23 11:03:00', '2018-03-23 11:03:00');
INSERT INTO `template_extra_field` VALUES ('61', '9', 'qq', 'qq', 'qq', '1', '[]', 'qq', '1', '2018-03-23 11:03:00', '2018-03-23 11:03:00');
INSERT INTO `template_extra_field` VALUES ('62', '9', 'uu', 'uu', 'u', '1', '[]', 'uu', '2', '2018-03-23 11:03:00', '2018-03-23 11:03:00');
INSERT INTO `template_extra_field` VALUES ('66', '13', 'confirm', '确认', 't', 'textarea', null, '', '0', '2018-03-23 11:14:50', '2018-03-23 11:14:50');
INSERT INTO `template_extra_field` VALUES ('67', '13', 'qq', 'qq', 'qq', '1', '[]', 'qq', '1', '2018-03-23 11:14:50', '2018-03-23 11:14:50');
INSERT INTO `template_extra_field` VALUES ('68', '13', 'uu', 'uu', 'u', '1', '[]', 'uu', '2', '2018-03-23 11:14:50', '2018-03-23 11:14:50');

-- ----------------------------
-- Table structure for user
-- ----------------------------
DROP TABLE IF EXISTS `user`;
CREATE TABLE `user` (
  `id` int(11) NOT NULL AUTO_INCREMENT,
  `user_name` varchar(255) DEFAULT NULL,
  `user_pass` varchar(255) DEFAULT NULL,
  `user_nicename` varchar(255) DEFAULT NULL,
  `user_email` varchar(255) DEFAULT NULL,
  `user_url` varchar(255) DEFAULT NULL,
  `user_registered` datetime DEFAULT NULL,
  `user_activation_key` varchar(255) DEFAULT NULL,
  `user_status` int(11) DEFAULT NULL,
  `display_name` varchar(255) DEFAULT NULL,
  `created_at` datetime NOT NULL,
  `updated_at` datetime NOT NULL,
  PRIMARY KEY (`id`)
) ENGINE=InnoDB AUTO_INCREMENT=20 DEFAULT CHARSET=utf8;

-- ----------------------------
-- Records of user
-- ----------------------------
INSERT INTO `user` VALUES ('1', 'yanshi', 'e10adc3949ba59abbe56e057f20f883e', null, '253568176@qq.com', null, null, null, null, null, '2018-03-20 01:54:51', '2018-03-20 01:54:51');

-- ----------------------------
-- Table structure for valid
-- ----------------------------
DROP TABLE IF EXISTS `valid`;
CREATE TABLE `valid` (
  `id` int(11) NOT NULL AUTO_INCREMENT,
  `name` varchar(255) DEFAULT NULL,
  `label` varchar(255) DEFAULT NULL,
  `desc` varchar(255) DEFAULT NULL,
  `rule` varchar(255) DEFAULT NULL,
  `error_msg` varchar(255) DEFAULT NULL,
  `success_msg` varchar(255) DEFAULT NULL,
  `user_id` int(11) DEFAULT NULL,
  `created_at` datetime NOT NULL,
  `updated_at` datetime NOT NULL,
  PRIMARY KEY (`id`)
) ENGINE=MyISAM AUTO_INCREMENT=23 DEFAULT CHARSET=utf8;

-- ----------------------------
-- Records of valid
-- ----------------------------
INSERT INTO `valid` VALUES ('2', 'EleemntUI', 'EleemntUI', 'EleemntUI', 'function(value) {return !!value;}', '请输入值', '正确', '1', '2018-03-02 01:19:56', '2018-03-10 19:02:07');
INSERT INTO `valid` VALUES ('3', 'email', '邮箱', null, '/^([\\w-\\.]+)@((\\[[0-9]{1,3}\\.[0-9]{1,3}\\.[0-9]{1,3}\\.)|(([\\w-]+\\.)+))([a-zA-Z]{2,4}|[0-9]{1,3})(\\]?)$/', '请输入合法邮箱', '正确', '1', '2018-03-02 01:19:56', '2018-03-01 23:14:15');
INSERT INTO `valid` VALUES ('4', 'phone', '手机号', null, '/^1[35789]\\d{9}$/', '请输入合法手机号', '正确', '1', '2018-03-02 01:19:56', '2018-03-01 23:14:15');
INSERT INTO `valid` VALUES ('5', 'custom', '自定义', null, null, null, '正确', '1', '2018-03-02 01:19:56', '2018-03-01 23:14:15');
INSERT INTO `valid` VALUES ('6', 'username', '验证用户名', null, '/\\d/', '失败', '成功', '1', '2018-03-02 01:19:56', '2018-03-01 23:14:15');
